shot_id,shot_made_flag
1,0.396204121
8,0.414452369
17,0.598484929
20,0.686004352
33,0.363174565
34,0.549922199
35,0.475379353
36,0.453644317
37,0.643470183
38,0.34979276
45,0.36253023
50,0.37857855
55,0.28407988
60,0.308809785
66,0.277663947
67,0.354047575
71,0.433775565
80,0.241553607
85,0.278040937
86,0.672579672
95,0.647245298
104,0.384961282
113,0.432253107
123,0.284936889
126,0.833667261
133,0.481198535
141,0.21446841
144,0.449193228
150,0.593030551
152,0.418933953
153,0.56426722
156,0.385978019
159,0.911688668
165,0.687640536
172,0.45929186
182,0.789809319
192,0.43540682
193,0.582514878
196,0.401897747
202,0.423023081
210,0.303344149
211,0.478022766
228,0.901423716
257,0.42386628
260,0.440122917
264,0.398752954
267,0.722889222
279,0.88829489
282,0.433071238
293,0.331726661
299,0.879122733
300,0.709146883
301,0.851886761
317,0.363120556
327,0.413136028
328,0.263937416
335,0.36316945
346,0.819692192
348,0.188492828
365,0.392153106
390,0.639074123
391,0.659124223
392,0.835329213
397,0.365090151
418,0.400956911
428,0.287775654
434,0.69086029
439,0.673141313
440,0.414299069
456,0.366659431
459,0.245160251
472,0.402434962
480,0.225817201
491,0.312570115
497,0.399016638
509,0.377404345
511,0.328095885
523,0.267127554
533,0.414904816
544,0.428391626
546,0.386904826
555,0.673255499
558,0.336187404
560,0.329804895
573,0.300686279
591,0.4496515
596,0.371585973
597,0.461688949
601,0.650912915
605,0.480551694
617,0.314041207
628,0.290165541
634,0.349168736
646,0.261469892
649,0.382392878
651,0.691162281
654,0.872197231
656,0.529395686
657,0.466887644
669,0.43604164
670,0.856138625
693,0.762125567
694,0.356437838
699,0.383049685
711,0.460957816
718,0.350275674
722,0.311459401
723,0.350344234
725,0.789441108
734,0.352972843
735,0.413936178
737,0.830498883
746,0.312505001
747,0.709461572
766,0.354866492
767,0.358007474
771,0.39987765
773,0.186254031
774,0.36207413
783,0.278193672
784,0.327629534
789,0.321296175
792,0.348040395
804,0.340248433
809,0.392042809
812,0.340183061
813,0.357990704
817,0.319139953
820,0.379209513
825,0.433881748
826,0.407298549
829,0.380586165
855,0.381304559
859,0.708612033
862,0.39394219
870,0.347670617
876,0.326077158
880,0.36612729
886,0.56777882
889,0.862058881
891,0.427263208
897,0.966901384
902,0.354970252
903,0.383381611
908,0.442767174
909,0.327121836
920,0.332497368
922,0.42998446
924,0.677186417
932,0.327672532
934,0.326924254
937,0.400647886
941,0.358557416
943,0.384005565
950,0.357753813
952,0.331358291
954,0.870358705
963,0.333839811
975,0.375567666
979,0.362521831
981,0.451478753
983,0.258043088
985,0.599664173
989,0.55417967
995,0.477636023
998,0.404662534
1008,0.197759654
1019,0.586183541
1023,0.406085407
1026,0.32869642
1029,0.737587741
1034,0.909838718
1036,0.767614665
1038,0.321628042
1039,0.666482096
1051,0.372748596
1052,0.263433107
1066,0.304412858
1087,0.293950518
1092,0.262302408
1094,0.758356458
1098,0.490508011
1099,0.461138262
1102,0.394165865
1118,0.374134869
1131,0.228316484
1133,0.642217837
1135,0.886964188
1138,0.583973078
1139,0.826412672
1142,0.408134694
1151,0.332140567
1152,0.355396861
1155,0.563333609
1165,0.356870899
1167,0.845950139
1172,0.380954039
1174,0.730510361
1180,0.515247557
1200,0.481623103
1202,0.420316672
1227,0.658656024
1228,0.613623199
1229,0.324349261
1237,0.457958076
1241,0.455600256
1256,0.295235176
1279,0.342941497
1293,0.29983438
1295,0.335207154
1319,0.685896163
1320,0.33567284
1321,0.839889021
1322,0.814202907
1334,0.274103322
1351,0.659706543
1373,0.295125565
1375,0.270482357
1380,0.434856578
1382,0.693366535
1385,0.459496821
1399,0.433144881
1403,0.867769215
1428,0.271471527
1434,0.361890145
1444,0.916976427
1448,0.415414605
1466,0.881110973
1476,0.345842882
1478,0.444025142
1485,0.460798971
1491,0.616540029
1494,0.702144763
1500,0.328184959
1501,0.719645372
1503,0.422492862
1519,0.550463382
1524,0.321570719
1529,0.735778325
1533,0.644065615
1538,0.959557715
1539,0.428497917
1546,0.449129587
1555,0.33760364
1559,0.419926931
1563,0.723735323
1565,0.770259451
1574,0.370843553
1591,0.38275053
1594,0.245169012
1605,0.274831183
1611,0.468607802
1614,0.38020104
1620,0.410921445
1626,0.359919444
1630,0.433076376
1632,0.355758677
1634,0.319331108
1643,0.366006968
1651,0.439882639
1655,0.402659236
1658,0.329954298
1659,0.386081471
1665,0.426142522
1675,0.354743591
1680,0.693706262
1690,0.392893514
1696,0.359534867
1714,0.249068616
1721,0.459647743
1726,0.511683735
1728,0.405466853
1734,0.310254649
1735,0.358307904
1740,0.435931489
1744,0.806480578
1747,0.356796346
1752,0.222026823
1763,0.752597452
1765,0.732116884
1769,0.381950769
1785,0.676140767
1787,0.312629207
1788,0.414972535
1793,0.324225037
1800,0.412170369
1825,0.379302446
1826,0.642820989
1834,0.345744431
1843,0.341620396
1844,0.3459451
1848,0.27353044
1849,0.374090363
1860,0.419992793
1863,0.408942119
1875,0.606583508
1883,0.427850222
1890,0.423410091
1892,0.411911464
1893,0.435719976
1897,0.346372696
1905,0.447747077
1908,0.641582077
1931,0.377510206
1940,0.848055331
1943,0.368061278
1947,0.185877529
1965,0.762817088
1967,0.348991636
1968,0.358044932
1972,0.759740394
1982,0.346645206
1985,0.307673124
2005,0.764200883
2010,0.746129256
2021,0.300154151
2024,0.796704017
2036,0.457217582
2043,0.618310437
2047,0.634836827
2049,0.465429702
2055,0.289572803
2065,0.480050157
2066,0.246796302
2070,0.326144775
2077,0.919913287
2085,0.553062384
2095,0.706426253
2097,0.668818748
2108,0.348702482
2112,0.589487495
2113,0.572247189
2122,0.279383146
2139,0.345773032
2144,0.640121769
2146,0.302281501
2148,0.247839097
2149,0.654484276
2157,0.331552413
2159,0.380878767
2168,0.335230012
2176,0.407242365
2178,0.641332414
2181,0.289371746
2187,0.795277095
2188,0.246498657
2190,0.219767601
2194,0.289518372
2197,0.266539773
2214,0.356581963
2217,0.202062458
2222,0.440709311
2223,0.350586116
2226,0.308491399
2230,0.613953124
2240,0.308567856
2247,0.327434389
2250,0.478329932
2259,0.562440597
2262,0.37861961
2266,0.363531143
2305,0.373283594
2310,0.418255118
2313,0.314389731
2319,0.866264277
2320,0.778671069
2345,0.301124841
2350,0.71315562
2356,0.387922812
2360,0.691127706
2370,0.413222061
2386,0.420185158
2398,0.407382896
2414,0.606330822
2435,0.791848867
2439,0.220449431
2446,0.768022243
2458,0.292106802
2465,0.286662129
2466,0.380674476
2470,0.342992956
2495,0.645870915
2501,0.337071628
2507,0.270846456
2533,0.148133979
2537,0.434914851
2538,0.269020436
2541,0.222944951
2542,0.743705255
2544,0.753439907
2554,0.22396569
2555,0.156840344
2565,0.434232073
2575,0.684659747
2586,0.472594037
2588,0.430980522
2594,0.688610955
2617,0.384850257
2618,0.37437861
2623,0.949700963
2631,0.584114454
2640,0.356565183
2642,0.701838077
2647,0.337357265
2663,0.394305914
2664,0.388023249
2676,0.48927167
2680,0.915916571
2681,0.438599418
2691,0.370246994
2693,0.370432804
2695,0.395719511
2704,0.296176023
2708,0.296633252
2709,0.954365825
2717,0.771541316
2722,0.422816526
2728,0.397055138
2732,0.713452434
2743,0.355199906
2752,0.326714942
2757,0.656849979
2761,0.301758236
2769,0.203240251
2771,0.323216855
2774,0.350813464
2776,0.331105022
2781,0.261467667
2793,0.318485236
2799,0.319802978
2803,0.302683878
2811,0.397084138
2818,0.33289853
2824,0.548460873
2828,0.787475747
2829,0.355819013
2830,0.391700094
2842,0.704606402
2847,0.616058599
2848,0.318298343
2868,0.373648788
2870,0.24450972
2885,0.27753331
2886,0.352690419
2889,0.723751168
2903,0.395560391
2904,0.654262685
2918,0.844893634
2919,0.355863572
2922,0.383286817
2923,0.363286465
2931,0.26030056
2945,0.356788728
2955,0.339027688
2957,0.580460139
2960,0.659152451
2963,0.353756346
2966,0.834105819
2972,0.692067502
2974,0.382023167
2982,0.323355684
2984,0.660734516
3016,0.374678165
3021,0.351021902
3023,0.816781885
3025,0.458379495
3029,0.216662714
3034,0.715142982
3038,0.347139072
3040,0.412238503
3051,0.797237646
3062,0.360316272
3069,0.335231138
3071,0.371035077
3076,0.90628483
3079,0.329340356
3081,0.286519595
3082,0.326250298
3084,0.842061465
3098,0.307755258
3104,0.354648041
3105,0.4131009
3114,0.69977207
3118,0.377549894
3122,0.308133334
3132,0.203054125
3138,0.401749094
3141,0.391807147
3156,0.709993134
3162,0.796871772
3167,0.416336251
3170,0.395722629
3171,0.307454266
3172,0.374484503
3176,0.975500325
3180,0.38930994
3189,0.295662596
3198,0.302713445
3206,0.349474088
3215,0.262375399
3222,0.686108661
3228,0.308262005
3229,0.324186072
3232,0.335032237
3233,0.186955077
3238,0.34942387
3256,0.390776895
3264,0.588685557
3273,0.458620454
3275,0.714018958
3285,0.52764709
3289,0.247941788
3294,0.300830559
3306,0.495665389
3311,0.729132717
3318,0.36102041
3322,0.59361861
3324,0.37593777
3334,0.567167373
3341,0.416738974
3345,0.249128107
3346,0.927361609
3352,0.296389403
3368,0.266638076
3371,0.234075362
3372,0.374329151
3375,0.447813207
3384,0.313391814
3387,0.314678234
3393,0.391492868
3406,0.412824002
3411,0.630420389
3412,0.466982197
3414,0.560571387
3417,0.598815924
3420,0.829001174
3423,0.832709683
3436,0.314840335
3438,0.653106569
3442,0.248923143
3443,0.40066866
3451,0.331511168
3461,0.407489251
3489,0.267688407
3491,0.532957686
3510,0.683349068
3515,0.504748047
3527,0.307832849
3530,0.331839782
3540,0.344893478
3582,0.207931444
3604,0.262873976
3605,0.27711754
3609,0.269424367
3624,0.241294438
3628,0.743702987
3630,0.330178861
3641,0.263360569
3642,0.286858595
3648,0.414167157
3650,0.950882881
3652,0.924239578
3660,0.391697925
3664,0.233997161
3670,0.286991208
3672,0.361131506
3680,0.345748316
3682,0.968219333
3685,0.612430262
3686,0.275151381
3689,0.351216557
3705,0.323000404
3712,0.250159214
3713,0.322692604
3719,0.238793814
3721,0.234345292
3723,0.757137594
3724,0.251523142
3727,0.283584826
3733,0.547524836
3734,0.430152581
3742,0.43288416
3770,0.305645447
3777,0.334786791
3778,0.337961157
3780,0.424908687
3783,0.501047614
3784,0.432055793
3788,0.348644076
3790,0.365375962
3794,0.351124569
3795,0.422502237
3796,0.440978218
3801,0.513095066
3806,0.353134433
3813,0.413371885
3814,0.395789633
3818,0.399039959
3824,0.418492715
3836,0.340132354
3853,0.432026894
3855,0.262887626
3858,0.317327019
3861,0.679929947
3866,0.276659805
3870,0.396697849
3874,0.977631491
3876,0.248881806
3878,0.229098835
3890,0.481495068
3900,0.919910324
3904,0.388533424
3906,0.444616492
3907,0.413785714
3908,0.473724432
3912,0.267709461
3918,0.960712707
3923,0.94753999
3924,0.392892808
3925,0.353107942
3927,0.687645391
3955,0.97203105
3964,0.333920946
3969,0.332613495
3974,0.653026954
3976,0.297300344
3984,0.280869122
3991,0.458798542
3993,0.98730674
4009,0.353818679
4011,0.49832585
4020,0.280985759
4033,0.381771464
4041,0.419580445
4045,0.873300655
4052,0.305643384
4055,0.361827057
4056,0.421037436
4057,0.428560652
4067,0.983837047
4069,0.379695709
4077,0.340336026
4094,0.383013786
4095,0.370702561
4100,0.399482874
4119,0.329079334
4130,0.513662572
4131,0.411969847
4132,0.650676106
4134,0.487656418
4137,0.794218475
4138,0.382189775
4143,0.273781346
4145,0.259115971
4148,0.254096696
4163,0.225165054
4166,0.369067335
4169,0.814369288
4170,0.476807489
4174,0.356224243
4180,0.371045774
4199,0.977728732
4201,0.436643682
4203,0.418766244
4210,0.083724079
4211,0.399213484
4213,0.957328852
4225,0.457323954
4235,0.329422491
4242,0.342637966
4245,0.456214392
4250,0.445921237
4252,0.360122733
4254,0.227681801
4263,0.266941649
4264,0.269726229
4268,0.316272605
4270,0.379428542
4282,0.697696909
4283,0.34194861
4291,0.389117566
4304,0.412151882
4306,0.350421005
4309,0.335221313
4310,0.365974986
4313,0.32839112
4314,0.35203895
4315,0.337954673
4321,0.438556247
4324,0.394356694
4325,0.368349891
4328,0.303701315
4329,0.259158368
4332,0.394404623
4337,0.31321882
4342,0.389344747
4344,0.433975768
4352,0.393536569
4355,0.328299093
4366,0.282393698
4371,0.35482585
4372,0.417701057
4376,0.347018639
4384,0.324933522
4387,0.327552684
4389,0.458166665
4390,0.326190223
4406,0.312811012
4407,0.820272433
4409,0.984195735
4410,0.828117572
4424,0.359851997
4434,0.290049118
4452,0.292946982
4460,0.449215237
4470,0.608915859
4480,0.349206382
4496,0.930888284
4503,0.289896455
4512,0.38466722
4518,0.623583017
4519,0.365475034
4522,0.267443453
4525,0.380370351
4537,0.606593907
4546,0.266700256
4547,0.918572964
4553,0.415960594
4556,0.451743651
4558,0.799225525
4563,0.218844442
4568,0.247924356
4574,0.793124734
4578,0.189957737
4587,0.420221044
4592,0.549022908
4610,0.354154597
4615,0.328779161
4619,0.424660053
4620,0.558397043
4625,0.66357971
4635,0.369365482
4636,0.418139233
4641,0.35268134
4650,0.34983401
4653,0.869532618
4665,0.3347565
4668,0.952054666
4669,0.299388766
4670,0.305455549
4674,0.275294641
4675,0.405183743
4676,0.30965332
4679,0.23680975
4680,0.913239856
4686,0.269443274
4699,0.40213052
4713,0.5715581
4718,0.375949696
4721,0.340638461
4722,0.307804331
4724,0.332670433
4730,0.912580876
4731,0.316429506
4735,0.427901044
4743,0.314750426
4745,0.25570702
4746,0.609706693
4747,0.378459263
4748,0.334523228
4769,0.425561781
4771,0.375782284
4774,0.309794214
4784,0.362772404
4797,0.428802899
4801,0.648461985
4804,0.276261482
4820,0.213629515
4833,0.426945663
4834,0.400597475
4851,0.270308929
4859,0.319977728
4860,0.954632852
4863,0.405587836
4873,0.350138185
4881,0.335203029
4892,0.430325096
4908,0.338777099
4911,0.273526096
4915,0.179667923
4922,0.310471794
4929,0.296260243
4936,0.301248317
4939,0.467154363
4951,0.277323102
4956,0.315375857
4961,0.420718385
4964,0.294330454
4981,0.426379088
4991,0.949885563
4992,0.32544564
4997,0.421378398
5004,0.336898466
5010,0.341446977
5012,0.385736948
5015,0.190190634
5020,0.379857926
5030,0.316095039
5051,0.965468141
5052,0.412693097
5057,0.634578004
5058,0.507678242
5060,0.321892251
5061,0.404477873
5064,0.57334076
5078,0.516373906
5080,0.442997968
5088,0.364308474
5089,0.532221618
5090,0.361470467
5103,0.874175356
5108,0.375838092
5114,0.306877668
5115,0.360778049
5124,0.613839486
5137,0.418499005
5139,0.313194407
5144,0.306972132
5149,0.831729494
5157,0.32511094
5163,0.321483023
5174,0.303557643
5176,0.35619508
5179,0.258961624
5186,0.392397733
5203,0.736480923
5204,0.867648773
5206,0.197589361
5207,0.652967007
5220,0.353903852
5221,0.803797193
5224,0.373260311
5227,0.200843531
5229,0.214838727
5232,0.667138133
5240,0.735206254
5242,0.595034851
5243,0.307705748
5245,0.705130682
5248,0.292839682
5249,0.257283485
5254,0.323200422
5269,0.298890546
5272,0.328994833
5276,0.370491499
5286,0.795173267
5290,0.25419421
5308,0.343900075
5316,0.360158421
5318,0.362830751
5319,0.359470662
5320,0.547237282
5322,0.261269184
5324,0.290212569
5331,0.700201764
5336,0.956044194
5344,0.27659288
5354,0.298584338
5356,0.030091604
5358,0.276773003
5361,0.392109729
5365,0.754574304
5370,0.532522382
5376,0.31508072
5383,0.361922666
5384,0.398142073
5385,0.371778078
5393,0.824771046
5397,0.306400363
5398,0.321005607
5402,0.376742438
5407,0.571844124
5409,0.360596462
5425,0.292465851
5428,0.668216559
5430,0.352792312
5442,0.340652317
5447,0.372188565
5470,0.404033211
5485,0.360299168
5493,0.26582528
5502,0.634207541
5504,0.345952869
5517,0.244161943
5522,0.372730688
5527,0.828275895
5528,0.236846224
5536,0.493415952
5545,0.299727194
5576,0.308684517
5577,0.257038714
5592,0.282774183
5594,0.303132387
5595,0.318802927
5596,0.274942014
5599,0.406817559
5606,0.39355772
5617,0.346454316
5625,0.765956718
5626,0.221375496
5627,0.634738426
5642,0.660431149
5659,0.937053442
5664,0.746640274
5666,0.788928472
5671,0.325720013
5674,0.373980409
5677,0.510782138
5681,0.303034212
5683,0.023124069
5700,0.391736245
5713,0.463098045
5715,0.466197514
5718,0.339656078
5726,0.550357703
5738,0.335354311
5741,0.734465264
5743,0.770412483
5753,0.333965204
5761,0.370323146
5789,0.671591886
5797,0.371436171
5803,0.324600374
5810,0.417454355
5813,0.410402586
5817,0.319894053
5818,0.434043428
5822,0.272963938
5829,0.434821545
5846,0.376733171
5847,0.213254314
5854,0.244431542
5858,0.445319199
5863,0.344594421
5869,0.252464173
5870,0.325883008
5876,0.213019226
5881,0.252323599
5901,0.24226463
5922,0.729668472
5928,0.787957232
5933,0.34782786
5934,0.809372454
5946,0.415765759
5951,0.212319175
5955,0.271533001
5956,0.867916917
5965,0.355058304
5972,0.33537201
5981,0.16859329
5997,0.404274574
6005,0.226567296
6009,0.169554121
6010,0.293724154
6015,0.291939827
6039,0.21396152
6047,0.707383767
6051,0.030364586
6056,0.342682325
6061,0.366917887
6064,0.231226813
6065,0.432287239
6070,0.336282962
6085,0.744799231
6086,0.207223707
6091,0.817812079
6097,0.249755781
6099,0.334188896
6104,0.752441305
6108,0.374252568
6109,0.384711514
6124,0.54719831
6142,0.696837141
6144,0.369755443
6150,0.366979875
6154,0.370262911
6155,0.327494977
6156,0.972824989
6158,0.413648244
6159,0.968635445
6169,0.676697688
6170,0.019772629
6179,0.447319104
6184,0.553889557
6186,0.849810274
6204,0.196491978
6230,0.415841157
6231,0.380198095
6232,0.922738406
6235,0.437024853
6237,0.697042973
6239,0.383786705
6263,0.222837194
6265,0.307879285
6270,0.519368096
6271,0.161762612
6278,0.255993777
6279,0.672617544
6288,0.257230676
6294,0.339371946
6295,0.232627135
6302,0.670454843
6306,0.313416645
6322,0.814421887
6324,0.445369664
6327,0.2544437
6331,0.397250037
6334,0.350452228
6338,0.672207581
6339,0.686448064
6362,0.304211671
6372,0.292084288
6375,0.812408856
6393,0.220465503
6394,0.352854388
6405,0.969283262
6406,0.487384694
6416,0.71060778
6421,0.37440222
6422,0.168784163
6440,0.937143723
6457,0.877220593
6460,0.667412368
6463,0.405583053
6474,0.817525461
6476,0.406915577
6477,0.465590909
6482,0.835247821
6488,0.25936726
6489,0.210807887
6494,0.367337644
6499,0.604325034
6507,0.232969386
6524,0.343503145
6527,0.374059241
6531,0.251863472
6536,0.399955886
6538,0.133131387
6542,0.706068426
6565,0.279501151
6584,0.381756175
6588,0.393709954
6597,0.365279058
6603,0.819714455
6609,0.792652336
6613,0.858768739
6622,0.299482997
6630,0.42250388
6637,0.209462427
6639,0.832789507
6640,0.303023707
6646,0.389771932
6647,0.420137173
6648,0.975809455
6669,0.318187807
6680,0.290511131
6681,0.288652092
6684,0.136074576
6693,0.385839627
6694,0.29928967
6704,0.31480985
6706,0.265725065
6710,0.431620954
6713,0.316426638
6718,0.232215964
6732,0.436789678
6737,0.417471311
6739,0.298695967
6742,0.34552094
6746,0.649914413
6753,0.269292494
6771,0.241529271
6784,0.232486964
6790,0.947356787
6795,0.373968107
6807,0.289463162
6808,0.465740464
6818,0.33213436
6823,0.433371476
6830,0.473137955
6831,0.4712942
6832,0.331353013
6836,0.365797864
6846,0.322876636
6850,0.397792191
6854,0.377035732
6868,0.823859412
6876,0.550686483
6877,0.717234513
6881,0.176496125
6882,0.391461711
6884,0.336651835
6886,0.287040509
6901,0.359129616
6910,0.421235466
6913,0.32605184
6914,0.732545678
6918,0.768244491
6930,0.626929527
6941,0.24699269
6944,0.588305463
6945,0.322984363
6947,0.405046835
6949,0.87251573
6952,0.39751456
6963,0.6984287
6964,0.657923813
6972,0.738774351
6979,0.523688089
6981,0.323971341
6988,0.844225521
6990,0.314413313
6998,0.348738894
7004,0.46976876
7016,0.548220421
7027,0.352320585
7042,0.290700604
7056,0.248551848
7061,0.270271146
7069,0.730455682
7071,0.344654051
7088,0.69258642
7099,0.391402843
7108,0.332064629
7121,0.845717437
7125,0.896429204
7136,0.585576219
7149,0.729483409
7150,0.550269586
7151,0.363702708
7167,0.413531657
7177,0.791241812
7178,0.255535462
7183,0.680215869
7186,0.419239003
7190,0.175497084
7201,0.382849943
7202,0.33817797
7207,0.37188022
7213,0.347720044
7224,0.736486075
7225,0.349609961
7233,0.340705194
7239,0.344322617
7246,0.14796468
7248,0.312015726
7261,0.385171642
7264,0.430187397
7266,0.2768918
7274,0.289572251
7279,0.240249782
7293,0.375680792
7315,0.333895437
7322,0.297981373
7326,0.829014102
7341,0.381893509
7363,0.310461357
7365,0.776262631
7371,0.352025963
7377,0.362326837
7393,0.84104399
7405,0.329327634
7410,0.20453273
7434,0.731290687
7438,0.40570444
7447,0.739070598
7450,0.634721162
7452,0.389223954
7453,0.262885342
7455,0.344165961
7456,0.403625396
7457,0.92107493
7466,0.385617506
7470,0.820182891
7474,0.396671028
7487,0.534367478
7488,0.373062469
7492,0.686633067
7496,0.381317751
7501,0.606990661
7505,0.577912725
7512,0.276604824
7526,0.526129631
7536,0.636325011
7538,0.741826414
7539,0.430924391
7544,0.661779912
7554,0.472537497
7564,0.279322609
7566,0.679687227
7580,0.744019506
7581,0.833999619
7584,0.412100664
7587,0.337332063
7589,0.45174744
7590,0.451694303
7594,0.748324266
7597,0.363401511
7602,0.88043974
7603,0.40141002
7605,0.746690462
7609,0.35874478
7613,0.419183017
7619,0.273577366
7625,0.336467511
7626,0.378703534
7636,0.391829552
7639,0.760110018
7641,0.369578439
7643,0.90520242
7644,0.313523771
7657,0.392664766
7661,0.791213001
7666,0.330545602
7673,0.395161202
7683,0.292845413
7685,0.324126403
7699,0.388160238
7704,0.621512698
7705,0.502266961
7708,0.57947233
7728,0.265383811
7733,0.387311153
7741,0.490603025
7743,0.409565691
7745,0.345019849
7754,0.754984151
7756,0.270197276
7757,0.411847327
7770,0.764820054
7773,0.98383798
7774,0.387119947
7776,0.693857705
7777,0.313539784
7778,0.436829618
7781,0.274629215
7784,0.345149313
7789,0.830110391
7794,0.713504942
7799,0.345156831
7801,0.713899281
7818,0.221232288
7823,0.325214905
7828,0.380890618
7832,0.404616383
7839,0.402968214
7851,0.784655652
7856,0.39519636
7868,0.254826782
7869,0.279967063
7872,0.369916366
7874,0.308906051
7878,0.384608941
7888,0.411127328
7913,0.247080961
7923,0.377697413
7925,0.394978205
7926,0.625345207
7938,0.341866615
7942,0.687415506
7945,0.358329717
7954,0.722820151
7963,0.265103446
7969,0.398362565
7970,0.493845033
7977,0.510345411
7981,0.316324337
7990,0.257052048
8020,0.588590124
8023,0.340259293
8025,0.438729744
8034,0.436762737
8039,0.436669024
8046,0.40260058
8051,0.332063937
8055,0.350766088
8060,0.395424726
8063,0.368644797
8073,0.967700777
8074,0.39855307
8076,0.734621263
8080,0.337541233
8088,0.331837757
8102,0.455430528
8103,0.387892253
8104,0.385653691
8105,0.316764217
8109,0.265673432
8115,0.403933673
8121,0.676345966
8126,0.368540983
8135,0.86754003
8153,0.688513727
8156,0.302790495
8160,0.646063382
8161,0.417966653
8162,0.413798573
8171,0.422403488
8181,0.400255297
8183,0.349826382
8185,0.212293464
8191,0.916070127
8203,0.272265022
8204,0.608400509
8207,0.665182734
8208,0.382572466
8209,0.663745279
8210,0.34256779
8225,0.411939945
8226,0.297437956
8231,0.63889163
8233,0.211824315
8244,0.652023178
8250,0.394007331
8261,0.355048784
8265,0.305893025
8278,0.455611895
8279,0.329684456
8280,0.275861977
8296,0.754916843
8299,0.313918059
8300,0.415942772
8301,0.239521706
8305,0.359346554
8327,0.466669045
8334,0.433340875
8349,0.323240634
8355,0.361738074
8361,0.279002333
8362,0.394359041
8364,0.313282636
8365,0.313030853
8375,0.321165721
8378,0.784518664
8380,0.240070813
8381,0.349931976
8387,0.43086561
8399,0.774621637
8402,0.934576326
8409,0.314249509
8433,0.678912583
8436,0.375005752
8442,0.36132227
8448,0.365508973
8464,0.356524989
8469,0.558347208
8474,0.605903661
8478,0.417637013
8482,0.372436341
8490,0.244037951
8510,0.403593041
8511,0.365008599
8527,0.423553829
8532,0.296532238
8533,0.365278166
8538,0.381114541
8541,0.346040346
8545,0.383056976
8553,0.323763911
8554,0.388157141
8555,0.360924672
8569,0.229142496
8586,0.797094525
8593,0.460373388
8600,0.983506169
8606,0.754438495
8607,0.395473135
8611,0.353489217
8613,0.716209849
8618,0.764064774
8630,0.292029732
8637,0.340033056
8650,0.327456341
8652,0.250877905
8661,0.297434774
8669,0.424556796
8673,0.374505723
8674,0.381183276
8678,0.693489217
8682,0.355558823
8688,0.335684007
8689,0.657598282
8695,0.340850928
8698,0.34580677
8703,0.288402415
8709,0.331535222
8716,0.408962279
8723,0.322977891
8737,0.58379647
8753,0.344056123
8773,0.325709053
8774,0.349822901
8778,0.67497664
8786,0.616717398
8794,0.364951967
8795,0.612160734
8800,0.315872335
8804,0.351423116
8808,0.382888165
8809,0.345561573
8817,0.270389785
8818,0.337566515
8825,0.358839519
8830,0.334848185
8833,0.459492121
8834,0.352582218
8836,0.358099185
8837,0.395820585
8844,0.345460243
8851,0.39293978
8861,0.93777515
8864,0.405069053
8865,0.453635853
8869,0.336221481
8873,0.788665345
8880,0.827063891
8884,0.252614103
8888,0.373632751
8889,0.343128788
8891,0.814186833
8893,0.334405067
8897,0.378750968
8905,0.367409672
8910,0.657272871
8918,0.402006715
8939,0.338069568
8940,0.354024654
8941,0.368268221
8944,0.376325962
8949,0.308045782
8950,0.291921142
8958,0.793942079
8967,0.777856742
8975,0.633716325
8979,0.361166512
8980,0.324643069
8991,0.331195212
8995,0.252666273
8996,0.309931728
8998,0.708629838
9000,0.348930034
9001,0.585235107
9002,0.399883249
9024,0.361653993
9026,0.391059755
9027,0.274751359
9034,0.371807741
9038,0.378734194
9050,0.316743516
9052,0.855441091
9054,0.420171886
9078,0.833424765
9097,0.321224574
9109,0.306309429
9112,0.664322674
9115,0.39520951
9125,0.355520225
9132,0.318045174
9136,0.249850153
9139,0.424929074
9140,0.356667781
9142,0.625501226
9143,0.331628967
9147,0.502830128
9159,0.286832209
9165,0.661513041
9172,0.383005782
9177,0.452323805
9179,0.455869122
9185,0.414577146
9196,0.926590194
9201,0.386075418
9209,0.340755732
9210,0.643772918
9212,0.266276731
9214,0.446407091
9240,0.943311382
9241,0.292059188
9244,0.396462617
9249,0.36218252
9250,0.733237476
9255,0.377228796
9258,0.484608863
9263,0.322135469
9266,0.600511437
9269,0.358062989
9272,0.360156142
9276,0.703489207
9290,0.4266464
9299,0.312003239
9303,0.377867374
9310,0.154260335
9311,0.356532497
9314,0.348890588
9315,0.802158544
9325,0.381725418
9328,0.619455834
9329,0.42453651
9332,0.90265879
9337,0.444033741
9353,0.858463014
9355,0.36056313
9356,0.359665017
9362,0.785632742
9364,0.33478477
9366,0.299671274
9387,0.896273554
9388,0.964950179
9396,0.335378109
9400,0.366272044
9406,0.445998153
9411,0.402934143
9416,0.766336095
9417,0.834083519
9423,0.816570874
9425,0.330130593
9426,0.480367322
9427,0.266302038
9429,0.811216978
9430,0.826645342
9434,0.337948144
9442,0.420518478
9458,0.368024762
9476,0.348038643
9481,0.379047323
9483,0.404671984
9484,0.417500355
9487,0.76039762
9488,0.350270539
9490,0.422353002
9502,0.930470897
9505,0.289597708
9509,0.32415636
9515,0.453645425
9516,0.422066569
9532,0.386984971
9539,0.599516892
9542,0.350910788
9549,0.426720348
9550,0.623351634
9553,0.358024262
9554,0.320279861
9561,0.361067699
9566,0.328447682
9571,0.395101451
9577,0.338378032
9584,0.408233978
9592,0.412809323
9596,0.811585939
9602,0.323578274
9603,0.426913768
9604,0.711154161
9608,0.718159475
9609,0.417326656
9613,0.403255913
9623,0.398445439
9630,0.967363753
9633,0.474539385
9648,0.419989088
9665,0.395732559
9668,0.380140218
9678,0.419951388
9679,0.364756133
9693,0.80940276
9718,0.808650774
9720,0.795490512
9744,0.300573973
9745,0.363467191
9746,0.758009698
9753,0.305605025
9758,0.336154475
9759,0.359482811
9763,0.480841817
9766,0.452473936
9767,0.389760609
9777,0.650595851
9781,0.365228419
9789,0.366687184
9790,0.350883553
9799,0.291317039
9802,0.303596657
9805,0.668348852
9807,0.192650534
9812,0.236973439
9818,0.292698269
9820,0.915034744
9822,0.38087196
9824,0.356576073
9834,0.280753785
9836,0.310442558
9847,0.364033603
9864,0.894708688
9869,0.384561322
9875,0.438360416
9880,0.418509769
9889,0.86413661
9894,0.396104404
9909,0.797735563
9915,0.459582271
9919,0.242627812
9920,0.813070186
9940,0.771522354
9946,0.696554428
9958,0.904213794
9959,0.42133907
9973,0.766798822
9976,0.385973471
9978,0.46283995
9982,0.416888767
9987,0.332047354
9988,0.28427104
9992,0.413464716
10000,0.021569327
10002,0.735178974
10005,0.429373472
10008,0.306594431
10009,0.435100126
10011,0.27395229
10021,0.285673729
10022,0.798080776
10053,0.381684202
10074,0.436370644
10076,0.367733922
10090,0.239794991
10092,0.333226579
10099,0.427011732
10102,0.470478287
10103,0.3916378
10106,0.516504755
10108,0.732942907
10113,0.818735713
10119,0.362342449
10122,0.278170614
10125,0.319558761
10140,0.245507048
10155,0.330292531
10159,0.351648968
10164,0.438342825
10175,0.401589134
10176,0.700440366
10178,0.39867497
10186,0.385369326
10200,0.400392726
10204,0.394090542
10206,0.3372982
10211,0.411071551
10212,0.383561499
10217,0.450548786
10220,0.571739725
10230,0.574280783
10234,0.315552905
10235,0.399611441
10239,0.300525367
10240,0.287619981
10242,0.326389314
10245,0.245764768
10246,0.686896865
10247,0.368646448
10250,0.354412491
10254,0.930316673
10257,0.447830886
10260,0.342368175
10261,0.90479056
10265,0.427814667
10273,0.281037761
10274,0.359587563
10277,0.296467254
10289,0.907474313
10290,0.234252407
10298,0.412351784
10301,0.360287204
10304,0.294882475
10305,0.401762197
10313,0.305284774
10320,0.395579427
10323,0.404231303
10328,0.269165219
10332,0.962969534
10336,0.969010481
10343,0.349640689
10348,0.330996501
10350,0.264343944
10351,0.287196849
10354,0.298751502
10372,0.30147051
10373,0.774319417
10380,0.446723925
10383,0.239333691
10396,0.635760693
10397,0.446828619
10399,0.695897869
10400,0.452820851
10401,0.356037302
10402,0.271721143
10403,0.552318569
10410,0.908928629
10412,0.605490667
10415,0.269816602
10424,0.43182795
10428,0.254416959
10432,0.349372538
10462,0.372272992
10477,0.462057609
10482,0.333182948
10484,0.404312102
10493,0.38563933
10495,0.343209579
10497,0.346685048
10516,0.391740487
10521,0.243848381
10522,0.81654529
10523,0.732164694
10528,0.337123578
10530,0.244895919
10532,0.561461494
10533,0.426519254
10543,0.800591073
10547,0.612210593
10552,0.386176152
10558,0.205548844
10571,0.312529415
10572,0.232154183
10574,0.294166302
10583,0.410717689
10600,0.312214388
10607,0.595536856
10608,0.658258678
10614,0.183328834
10630,0.338970365
10634,0.340055693
10635,0.384928357
10641,0.766863087
10643,0.556089064
10644,0.422049669
10648,0.53848225
10669,0.339236366
10675,0.458605477
10686,0.753884875
10704,0.431173135
10707,0.458031705
10722,0.422997118
10736,0.708946018
10764,0.259256031
10767,0.837439186
10776,0.344902201
10779,0.427744076
10781,0.366824815
10792,0.661463999
10797,0.392591595
10798,0.361814983
10801,0.549197308
10802,0.498129298
10805,0.34635486
10808,0.347189367
10810,0.912607296
10816,0.372486905
10817,0.408433202
10829,0.671716741
10843,0.254478831
10858,0.351599105
10866,0.380376293
10876,0.410988348
10887,0.308652181
10891,0.26310379
10896,0.380191643
10900,0.703404772
10905,0.218055889
10907,0.308161296
10917,0.217137146
10936,0.372262947
10947,0.334468616
10948,0.620760519
10951,0.33215079
10955,0.280949292
10969,0.465698455
10984,0.472222456
10987,0.380390064
10990,0.333216934
10992,0.259992512
10996,0.424952154
10997,0.42228093
10999,0.354296299
11000,0.783578173
11001,0.449004927
11010,0.456703036
11016,0.492418916
11018,0.911841648
11034,0.914584577
11039,0.416380869
11041,0.266111112
11047,0.444910418
11053,0.561582752
11055,0.299947682
11056,0.409630385
11065,0.30932808
11068,0.752113026
11070,0.357686602
11071,0.711891601
11072,0.387547719
11079,0.379470542
11091,0.39044245
11094,0.21749773
11112,0.398521266
11113,0.333074896
11128,0.200856713
11153,0.677764258
11154,0.200622877
11163,0.387654489
11179,0.339178733
11181,0.279772766
11206,0.269280133
11216,0.332075437
11221,0.456543842
11223,0.608321136
11228,0.811734926
11235,0.4405386
11237,0.339892104
11244,0.338834143
11256,0.432738455
11267,0.384090778
11272,0.66081079
11281,0.330195199
11285,0.318042289
11288,0.38604546
11291,0.413900317
11293,0.409303683
11297,0.351960749
11298,0.29940678
11299,0.384347896
11301,0.422429719
11309,0.686529626
11331,0.424591698
11332,0.480968878
11337,0.390706552
11343,0.871589886
11347,0.347879427
11348,0.615753678
11355,0.953904724
11368,0.310627571
11369,0.814994882
11371,0.904955165
11378,0.666347071
11384,0.380107221
11387,0.453142882
11393,0.353393562
11399,0.47575183
11412,0.80994933
11431,0.385149643
11432,0.406739889
11444,0.918403739
11450,0.97630902
11451,0.661763315
11476,0.31497475
11488,0.381345617
11495,0.684608854
11505,0.448908085
11508,0.94450838
11518,0.364626178
11522,0.250020187
11524,0.398557038
11533,0.458059073
11549,0.341874179
11551,0.977490824
11560,0.371563553
11563,0.43797076
11565,0.75563331
11567,0.364504145
11569,0.366362238
11598,0.511953084
11604,0.643849755
11611,0.348742981
11617,0.436901777
11626,0.298540034
11642,0.392598698
11643,0.259285142
11648,0.316143429
11651,0.33343926
11663,0.317891821
11666,0.475861296
11685,0.360340635
11686,0.550603498
11698,0.314984191
11708,0.307842223
11711,0.298248462
11718,0.390111743
11742,0.346398058
11761,0.667945745
11767,0.434522545
11768,0.365672988
11775,0.456628758
11779,0.32783528
11786,0.907465189
11790,0.81022493
11791,0.432242225
11796,0.020937421
11806,0.48736131
11810,0.392943248
11811,0.385531489
11814,0.955003516
11816,0.427439628
11820,0.465341589
11822,0.439679975
11829,0.407951791
11832,0.426693905
11834,0.657775537
11836,0.308833865
11837,0.394360959
11844,0.736777421
11847,0.671634479
11864,0.754050075
11865,0.674897005
11872,0.346167449
11873,0.278756401
11886,0.474864458
11894,0.268952122
11905,0.338873275
11906,0.211723484
11907,0.356161207
11912,0.480755021
11914,0.686074237
11918,0.364710516
11924,0.436516045
11929,0.919149398
11930,0.303614916
11936,0.317313938
11937,0.349510612
11954,0.401694186
11957,0.323795054
11964,0.337151486
11968,0.168166939
11972,0.262575386
11976,0.398476462
11979,0.261892408
11981,0.419707504
11983,0.413909274
11989,0.276416859
11991,0.435697644
11998,0.412939917
12003,0.408404752
12007,0.4213559
12011,0.528830399
12014,0.307720367
12024,0.293358574
12033,0.43860357
12034,0.469615341
12041,0.3984067
12046,0.359114366
12056,0.270971548
12064,0.288612575
12069,0.249626213
12070,0.275636121
12071,0.369636555
12072,0.256474836
12078,0.391892013
12091,0.676369019
12092,0.250929386
12094,0.329591373
12098,0.370281459
12103,0.424464263
12115,0.733134507
12118,0.354769125
12122,0.508474778
12125,0.939547467
12133,0.38801648
12137,0.386249899
12141,0.419185633
12143,0.319429309
12144,0.824044693
12154,0.467229451
12163,0.359700337
12170,0.732407736
12193,0.361043192
12196,0.341969317
12206,0.4065131
12209,0.360944008
12214,0.321947073
12228,0.337456258
12233,0.580891639
12238,0.303913921
12242,0.301850231
12245,0.71074257
12247,0.343279791
12251,0.395614594
12287,0.34043947
12292,0.832279747
12304,0.341832741
12317,0.748934331
12320,0.757966645
12323,0.862311823
12328,0.356176038
12333,0.842157658
12334,0.374793625
12335,0.64029036
12352,0.389824691
12358,0.337574149
12364,0.386847412
12376,0.311923222
12396,0.384102972
12402,0.985891941
12406,0.454669869
12408,0.311919909
12410,0.968590305
12413,0.589235744
12417,0.320100287
12424,0.542067773
12425,0.33829561
12426,0.364128664
12430,0.340274706
12432,0.738139132
12433,0.362201933
12451,0.208077417
12457,0.519974892
12465,0.408745051
12468,0.494318891
12474,0.448307676
12475,0.422017613
12486,0.405966407
12487,0.55630796
12514,0.329480776
12524,0.976281645
12526,0.323734908
12530,0.459319606
12532,0.195319583
12593,0.325412619
12599,0.395650757
12600,0.411649787
12603,0.327849981
12624,0.976408528
12630,0.34005754
12638,0.399709863
12641,0.760666989
12643,0.779134554
12656,0.306329102
12666,0.840756188
12673,0.87595943
12675,0.312276461
12678,0.851057777
12692,0.023378965
12693,0.926900917
12707,0.29938973
12711,0.747680403
12716,0.293502822
12717,0.757500804
12723,0.353145746
12738,0.279217242
12742,0.441887476
12746,0.381380801
12753,0.400715038
12758,0.373686823
12760,0.34362862
12763,0.385466431
12764,0.382528472
12768,0.36831691
12776,0.293580802
12777,0.345506348
12783,0.943718437
12804,0.29374695
12824,0.435943936
12839,0.335153192
12847,0.41946837
12850,0.978996106
12867,0.871654627
12883,0.295330746
12887,0.38544436
12890,0.258021058
12903,0.653903153
12906,0.349531459
12907,0.191215356
12909,0.317297841
12912,0.304034693
12915,0.280041498
12930,0.756450715
12931,0.560231677
12934,0.663640513
12951,0.304524206
12955,0.43335226
12973,0.284978423
12988,0.418408806
12999,0.435973894
13015,0.71172111
13026,0.736626574
13036,0.429177395
13039,0.396873398
13040,0.301921875
13041,0.381384687
13043,0.813580795
13057,0.278943311
13064,0.391717319
13068,0.812125344
13069,0.575416344
13073,0.553810522
13079,0.823961925
13086,0.307697826
13089,0.721028983
13093,0.379943404
13097,0.838403527
13098,0.276005192
13105,0.392392257
13107,0.560885786
13108,0.711440857
13110,0.416435052
13112,0.732453111
13114,0.392030042
13118,0.463535919
13127,0.3551859
13129,0.335904083
13142,0.983601395
13146,0.306692308
13149,0.245230856
13157,0.355329026
13158,0.814809271
13159,0.810948301
13161,0.293725742
13162,0.394039901
13166,0.359829518
13168,0.377714218
13170,0.93909693
13186,0.482661009
13191,0.447750762
13203,0.397426492
13209,0.353224889
13212,0.338395891
13213,0.390897614
13222,0.336959448
13229,0.658346605
13234,0.680852268
13257,0.717827735
13258,0.355632591
13268,0.224255444
13270,0.340895753
13291,0.258088905
13292,0.648780935
13299,0.370534071
13307,0.975243634
13309,0.284508535
13311,0.465769995
13312,0.456699338
13322,0.406822111
13324,0.910592923
13330,0.348939586
13338,0.307954503
13344,0.657930351
13348,0.244813038
13355,0.703442057
13365,0.956255415
13368,0.381327939
13370,0.423797025
13372,0.694070627
13377,0.735420023
13385,0.480609454
13389,0.443084266
13393,0.370194649
13395,0.406165509
13404,0.254280912
13411,0.357697226
13416,0.351763085
13434,0.460035377
13435,0.721087911
13445,0.362576
13446,0.346574149
13451,0.703903196
13462,0.60519378
13464,0.315409685
13466,0.291652637
13471,0.36593397
13472,0.850788112
13477,0.290649566
13481,0.301098585
13484,0.749726033
13490,0.362918137
13492,0.658229644
13500,0.325619023
13508,0.396798962
13516,0.444369082
13525,0.309097751
13526,0.366785408
13530,0.639658951
13532,0.295860525
13538,0.384533179
13546,0.391907186
13548,0.456407228
13550,0.855600411
13551,0.434705955
13564,0.415175595
13566,0.820868717
13570,0.414018821
13580,0.407009578
13585,0.194697326
13588,0.185289965
13592,0.434123768
13594,0.41558818
13609,0.319259654
13610,0.6677094
13613,0.365709666
13625,0.399783256
13626,0.705619111
13639,0.751097354
13645,0.846784483
13647,0.505441083
13648,0.197818721
13652,0.561267752
13654,0.779810703
13664,0.452961591
13673,0.438969163
13684,0.329117716
13690,0.326762993
13693,0.381664363
13696,0.386321708
13700,0.730583328
13701,0.329596047
13707,0.628786468
13713,0.213628408
13714,0.327020413
13716,0.562223851
13720,0.257574183
13727,0.375474788
13733,0.325843495
13738,0.235985785
13757,0.429076186
13759,0.72675073
13761,0.444680436
13767,0.284678063
13782,0.397044984
13786,0.36734079
13787,0.390868863
13792,0.196155643
13795,0.796822896
13798,0.343192594
13807,0.118129307
13809,0.403292907
13811,0.436687116
13815,0.327222856
13817,0.303684419
13818,0.191664358
13822,0.312057595
13824,0.310186162
13829,0.251475779
13832,0.919250772
13840,0.58859393
13841,0.616031844
13868,0.271820605
13871,0.895206445
13880,0.442993177
13888,0.579006699
13890,0.748963381
13891,0.339943199
13895,0.390336527
13907,0.326628834
13910,0.608965882
13912,0.779192856
13913,0.372149101
13923,0.70948781
13929,0.469107471
13936,0.391317357
13946,0.234822165
13950,0.332731245
13951,0.349063623
13954,0.38337129
13958,0.770262567
13969,0.69169625
13980,0.262559929
13981,0.334518832
13986,0.450309024
13987,0.339192186
13989,0.730836947
13992,0.367512973
13994,0.344424884
14001,0.740139852
14002,0.388973616
14004,0.434006126
14006,0.363602549
14012,0.733763087
14021,0.387070112
14024,0.883939965
14045,0.32563001
14047,0.772881739
14057,0.426484405
14059,0.293798391
14060,0.386851977
14068,0.269543346
14070,0.486389347
14074,0.408515451
14076,0.56751128
14089,0.343545151
14115,0.421867239
14116,0.303639536
14128,0.543479664
14131,0.428834539
14134,0.682095632
14137,0.519385137
14138,0.390895252
14139,0.739974017
14152,0.381905985
14153,0.80747757
14155,0.390857681
14156,0.803369762
14164,0.371477854
14165,0.48908886
14171,0.359297748
14174,0.330888484
14181,0.434439008
14186,0.749982353
14192,0.514116021
14201,0.65810493
14210,0.601674431
14214,0.320431951
14231,0.390343782
14236,0.380058286
14241,0.506432918
14245,0.386119759
14249,0.30624855
14251,0.377898457
14262,0.396559691
14265,0.34946244
14267,0.56752754
14270,0.927989172
14276,0.577746291
14279,0.530800031
14281,0.277957575
14289,0.331005602
14290,0.262514616
14293,0.747849455
14295,0.619726157
14297,0.427713952
14298,0.437399379
14310,0.299819174
14312,0.814628473
14315,0.768073925
14318,0.558414095
14319,0.480849833
14325,0.624789471
14331,0.345926167
14334,0.300627514
14341,0.444916388
14343,0.978972401
14344,0.396400499
14346,0.404255917
14347,0.369612221
14349,0.352184339
14352,0.338318003
14358,0.309609277
14361,0.414234797
14363,0.670305616
14374,0.427267917
14376,0.45871164
14381,0.575213692
14398,0.418366731
14410,0.35373423
14412,0.389906059
14415,0.453642003
14423,0.578161518
14425,0.387032975
14436,0.363658281
14444,0.365017247
14455,0.618106845
14465,0.393514912
14469,0.463060628
14471,0.352650343
14475,0.395467777
14479,0.400824615
14480,0.348378276
14488,0.511296659
14491,0.755381864
14501,0.4180497
14520,0.761418402
14522,0.620355549
14523,0.286402491
14537,0.612536456
14538,0.635489189
14550,0.35408719
14561,0.410721311
14575,0.396776536
14586,0.312474067
14592,0.490184392
14601,0.707749702
14602,0.376484761
14604,0.459527557
14606,0.315587785
14627,0.388965281
14641,0.703552741
14652,0.415634941
14662,0.588292978
14665,0.518753766
14673,0.467042117
14675,0.34758803
14679,0.6231091
14683,0.397541322
14686,0.335254857
14705,0.460455292
14708,0.304844747
14709,0.592323043
14710,0.373915021
14715,0.50875631
14717,0.378804216
14723,0.395678357
14725,0.294051351
14727,0.616918225
14728,0.344864845
14735,0.351798576
14746,0.340441996
14752,0.55508245
14757,0.338274327
14762,0.341910304
14763,0.304477526
14797,0.378992519
14812,0.324286351
14818,0.736759057
14825,0.44431048
14827,0.372060588
14829,0.34186228
14830,0.413539905
14837,0.329595945
14849,0.353136762
14863,0.322457069
14869,0.355220753
14882,0.272186503
14884,0.735243031
14886,0.708371125
14888,0.748536336
14890,0.252212242
14904,0.234394187
14938,0.338575716
14952,0.348850273
14958,0.700853655
14963,0.350622724
14979,0.35157836
14980,0.332553335
14986,0.512733993
14988,0.472053675
15003,0.395417462
15006,0.575759912
15009,0.966560744
15015,0.674261817
15024,0.329492206
15030,0.724426494
15036,0.346071704
15038,0.695102878
15039,0.378796262
15047,0.81401777
15049,0.307926739
15056,0.95589677
15068,0.383324043
15070,0.372245585
15073,0.309691322
15081,0.308604409
15084,0.261574523
15088,0.964379475
15092,0.264787215
15095,0.367932411
15097,0.308834665
15098,0.348859714
15115,0.689822493
15120,0.825201973
15126,0.277418766
15133,0.62620884
15143,0.319948547
15156,0.443668858
15164,0.174361014
15178,0.342270376
15198,0.863664208
15200,0.710085911
15208,0.041778492
15214,0.280981621
15218,0.812306389
15231,0.338651075
15238,0.280382444
15239,0.314648541
15240,0.404824344
15249,0.292895315
15256,0.333344404
15260,0.69315399
15290,0.326542633
15307,0.974143531
15308,0.688334401
15321,0.814904906
15323,0.599216517
15325,0.367094062
15342,0.531338197
15346,0.442816589
15349,0.426928021
15354,0.321987973
15362,0.363963159
15379,0.242503496
15383,0.328573967
15394,0.254976537
15401,0.56227482
15405,0.331265951
15407,0.333053533
15412,0.531856929
15413,0.512334237
15415,0.62677684
15427,0.730750315
15430,0.619570368
15436,0.619808797
15439,0.269463403
15443,0.299232447
15444,0.744994178
15445,0.837847407
15450,0.327258961
15456,0.739174576
15465,0.266968239
15466,0.273720304
15470,0.404306297
15474,0.606425205
15476,0.417846478
15482,0.239957333
15492,0.218276932
15510,0.601078836
15519,0.427289391
15523,0.221278253
15535,0.667720678
15561,0.873809859
15564,0.639370984
15566,0.283967408
15579,0.334509163
15580,0.543765613
15581,0.331503049
15587,0.327861248
15589,0.318229271
15591,0.397476367
15597,0.353450456
15620,0.708206996
15627,0.640603351
15636,0.744955327
15653,0.420555066
15662,0.916712779
15664,0.376325946
15666,0.641182047
15667,0.293486594
15674,0.661335307
15692,0.302957268
15715,0.343023802
15736,0.642075563
15744,0.720436189
15746,0.305009969
15758,0.350739931
15760,0.185337274
15766,0.264663536
15767,0.293559387
15789,0.695162176
15810,0.287622044
15818,0.305207048
15820,0.277442312
15830,0.40363857
15844,0.303952631
15850,0.233048399
15857,0.395317961
15863,0.966246997
15869,0.305538317
15872,0.343205755
15873,0.473962778
15884,0.225385352
15885,0.749670405
15891,0.761545939
15898,0.399074549
15900,0.262170549
15932,0.320878519
15940,0.358591205
15944,0.224432683
15945,0.291934175
15963,0.560848518
15970,0.377043553
15977,0.417840111
15982,0.253544617
15985,0.337861201
15995,0.394808886
16004,0.252696584
16005,0.382175492
16011,0.246437865
16019,0.562984703
16021,0.36187169
16051,0.634268677
16065,0.414212955
16066,0.198425186
16076,0.432135011
16091,0.33727398
16094,0.295768978
16101,0.255876113
16104,0.704719295
16113,0.693818015
16114,0.553361468
16115,0.710805629
16127,0.63742994
16128,0.317019278
16138,0.767996248
16139,0.538740702
16142,0.301430049
16144,0.544030674
16148,0.741783976
16151,0.334681811
16156,0.544599699
16165,0.5523203
16166,0.299964248
16179,0.704362577
16193,0.581676275
16196,0.604472149
16198,0.418738268
16210,0.589017088
16232,0.490509477
16237,0.241865358
16240,0.574381511
16252,0.582933063
16259,0.302781965
16262,0.433103524
16263,0.355993967
16270,0.281753147
16272,0.414834917
16290,0.306593887
16295,0.794989675
16297,0.342381283
16299,0.348523097
16300,0.288725945
16302,0.338449426
16303,0.524362792
16305,0.624277106
16309,0.355016328
16312,0.359600604
16320,0.253838523
16326,0.325078593
16327,0.314707455
16338,0.38771378
16342,0.381806438
16346,0.540704283
16348,0.339614092
16355,0.547955161
16356,0.560753295
16378,0.712908697
16382,0.215660025
16391,0.315898214
16392,0.329728587
16395,0.720295217
16399,0.343592644
16403,0.305534016
16408,0.271070548
16413,0.307269809
16415,0.220307807
16417,0.636819151
16420,0.338583856
16431,0.27372997
16439,0.658399525
16444,0.706339668
16446,0.072951738
16451,0.589871967
16454,0.245712046
16461,0.445746398
16462,0.387404738
16469,0.387332976
16484,0.351481572
16486,0.656418182
16487,0.351290532
16491,0.34207725
16494,0.440815017
16507,0.461620082
16508,0.327958799
16519,0.35396186
16523,0.345758349
16526,0.703314799
16530,0.378668362
16532,0.786975644
16542,0.276093349
16550,0.664212542
16555,0.392658764
16558,0.352868202
16567,0.786522811
16576,0.36469358
16579,0.427495058
16595,0.560994696
16598,0.307982093
16600,0.387888264
16604,0.727195339
16605,0.757994562
16607,0.691164431
16610,0.410136006
16612,0.923350226
16617,0.71077286
16625,0.677002306
16632,0.651953513
16634,0.555210127
16650,0.252056777
16654,0.352043776
16655,0.346973479
16656,0.386386337
16657,0.393110793
16660,0.394279968
16662,0.516151037
16669,0.422938916
16675,0.598829048
16676,0.362141932
16678,0.354348311
16679,0.36860084
16693,0.396067895
16701,0.257559696
16715,0.33888621
16722,0.622825853
16724,0.556863797
16727,0.567511589
16735,0.40006602
16741,0.339242677
16752,0.339067432
16758,0.390236658
16765,0.288445256
16771,0.383522136
16785,0.122678653
16793,0.526223438
16800,0.422838172
16805,0.401965272
16809,0.255070993
16820,0.626865516
16827,0.43128831
16830,0.491237671
16843,0.974465498
16847,0.279185372
16855,0.670339721
16860,0.683510431
16862,0.661734655
16863,0.357224903
16872,0.290026915
16874,0.276509583
16876,0.37884986
16893,0.320765008
16895,0.357854733
16914,0.484373568
16917,0.348580033
16926,0.330376585
16930,0.519176908
16931,0.364800017
16932,0.362248387
16934,0.352994778
16937,0.386349095
16941,0.39520956
16942,0.917528738
16957,0.421606672
16962,0.63855868
16967,0.651992021
16968,0.706548195
16972,0.321149686
16974,0.319619476
16984,0.302334099
16987,0.345952883
16994,0.599256338
16995,0.632468682
16999,0.3548349
17034,0.615830567
17038,0.335346426
17040,0.25143436
17050,0.263974846
17068,0.32568025
17077,0.294279986
17079,0.617628985
17082,0.632566103
17085,0.578531314
17087,0.319783787
17099,0.741914169
17105,0.331108756
17108,0.320515039
17110,0.250576948
17111,0.307817035
17123,0.513579943
17124,0.370801598
17130,0.623228733
17138,0.395810875
17143,0.799941921
17157,0.282015698
17160,0.772033267
17166,0.335832354
17167,0.27909364
17179,0.501749712
17180,0.335856325
17189,0.679193341
17197,0.688123266
17219,0.540830109
17223,0.31480974
17225,0.740442356
17229,0.710173027
17234,0.350780585
17235,0.362785637
17239,0.422650851
17242,0.372240243
17243,0.427363457
17246,0.605201838
17247,0.284620613
17255,0.246106904
17258,0.565506515
17260,0.520316723
17264,0.591581175
17270,0.439973434
17271,0.471029117
17272,0.373945166
17285,0.430892739
17294,0.39723116
17297,0.380853361
17298,0.689203758
17299,0.331337683
17306,0.321365208
17324,0.27827775
17326,0.322383388
17330,0.408616856
17345,0.325145402
17351,0.714051699
17352,0.252120545
17372,0.213061292
17381,0.624121884
17385,0.614763519
17388,0.232173956
17390,0.588251719
17392,0.794261123
17399,0.257918583
17404,0.321322293
17407,0.262908376
17408,0.547367431
17416,0.685736835
17418,0.344110741
17434,0.854160537
17438,0.584809658
17443,0.786604283
17444,0.359965773
17453,0.51649902
17460,0.524284467
17467,0.342873082
17480,0.360736316
17488,0.532693245
17490,0.33676312
17493,0.378758021
17498,0.348731032
17503,0.433796853
17513,0.269225584
17520,0.581593299
17525,0.518593739
17534,0.265370725
17545,0.372844074
17553,0.31896938
17554,0.316816081
17557,0.433439884
17563,0.633537388
17576,0.467040404
17577,0.351817644
17580,0.721298793
17582,0.330924692
17596,0.417344203
17597,0.37073259
17602,0.660370482
17614,0.615707817
17623,0.516167473
17624,0.613852074
17627,0.669386061
17628,0.324586117
17630,0.380490956
17634,0.817687378
17640,0.305911871
17652,0.606995748
17657,0.282997471
17661,0.282101523
17662,0.353305328
17666,0.302448492
17682,0.694451827
17688,0.533895462
17693,0.409565156
17705,0.395731227
17711,0.392197354
17715,0.281843182
17717,0.329382569
17721,0.378735116
17728,0.190995361
17737,0.286570207
17745,0.397625873
17755,0.365791349
17764,0.769548142
17774,0.334523703
17785,0.242475855
17786,0.735432313
17789,0.291907151
17802,0.366793584
17810,0.66718116
17819,0.803688779
17825,0.341623337
17828,0.318773923
17833,0.308417863
17841,0.809492787
17842,0.388765445
17844,0.353850033
17849,0.362059309
17855,0.355014804
17857,0.879909769
17861,0.324312107
17863,0.428729575
17868,0.285287986
17876,0.588659078
17882,0.296338648
17885,0.351311765
17893,0.353857262
17894,0.238960226
17902,0.808483186
17906,0.370345412
17911,0.533942226
17917,0.365624052
17921,0.225490881
17941,0.425205359
17945,0.273931937
17949,0.285576406
17954,0.394689138
17957,0.347041588
17958,0.64548817
17960,0.319032516
17985,0.687861799
18000,0.423733309
18002,0.540997046
18008,0.198275746
18014,0.482123659
18015,0.951635391
18019,0.211361168
18021,0.305958892
18026,0.233803283
18029,0.345340392
18034,0.675721955
18035,0.368672077
18036,0.415990329
18039,0.633866178
18066,0.236125521
18076,0.488268653
18089,0.203964043
18104,0.38450312
18110,0.343015328
18129,0.621492387
18131,0.747854358
18133,0.264669429
18136,0.316652718
18148,0.531258097
18152,0.031390028
18167,0.780862876
18177,0.287717051
18178,0.29482375
18183,0.352832414
18194,0.568604567
18197,0.676139341
18213,0.240436571
18214,0.320763517
18221,0.184860158
18227,0.26023421
18239,0.804009279
18245,0.340753481
18266,0.25858932
18267,0.545481036
18274,0.181431361
18283,0.377122209
18297,0.195661709
18302,0.248241617
18303,0.64064482
18315,0.407776804
18324,0.255092358
18326,0.642332763
18334,0.229327212
18336,0.308342086
18344,0.326836185
18346,0.349927734
18347,0.317922979
18350,0.326852705
18352,0.388781946
18364,0.489797584
18366,0.409850699
18373,0.273938892
18391,0.309155643
18393,0.25370845
18395,0.562289177
18400,0.683452826
18408,0.465651288
18421,0.589580231
18425,0.532039353
18443,0.269617667
18451,0.31399862
18456,0.342077485
18458,0.607223548
18460,0.284245626
18467,0.518915692
18468,0.422410889
18475,0.50597662
18485,0.270543633
18494,0.625057852
18495,0.819236249
18508,0.530876351
18530,0.35795293
18533,0.330865565
18547,0.197553242
18548,0.295297121
18553,0.248309934
18561,0.406868687
18565,0.787507682
18572,0.305773977
18593,0.288603218
18600,0.333293903
18621,0.483488193
18629,0.722432869
18637,0.261865188
18649,0.308314212
18653,0.616468172
18660,0.194399285
18671,0.246052253
18672,0.191985487
18677,0.406052175
18681,0.811069022
18684,0.828807265
18686,0.294655543
18689,0.44023832
18690,0.514452169
18709,0.555371284
18716,0.770608391
18723,0.574580655
18773,0.324580426
18782,0.402467204
18797,0.63291665
18810,0.302559349
18817,0.582009265
18820,0.793459344
18825,0.281271851
18837,0.516961874
18850,0.678732941
18857,0.534268412
18861,0.589626383
18867,0.361117801
18870,0.226622728
18877,0.67570034
18887,0.436830602
18898,0.282930459
18900,0.550423145
18914,0.599628503
18921,0.532124961
18922,0.620330439
18945,0.44086762
18947,0.592458692
18953,0.345179801
18954,0.303101965
18957,0.521685818
18960,0.589918408
18973,0.195886044
18983,0.478782008
18990,0.194125635
18991,0.174952368
18993,0.34391523
18995,0.252431632
18996,0.248458584
19003,0.181894758
19014,0.382534824
19015,0.366481145
19019,0.535958539
19028,0.451689956
19038,0.578330031
19040,0.512695852
19046,0.314773932
19051,0.315681264
19054,0.907950947
19056,0.388226624
19074,0.338573839
19085,0.67516998
19099,0.894225979
19124,0.384406687
19134,0.460738604
19141,0.225170243
19146,0.49649235
19150,0.318861689
19170,0.259055025
19176,0.34851735
19187,0.394479468
19189,0.372256767
19202,0.5830491
19208,0.343965953
19209,0.290870623
19210,0.819081177
19216,0.356024232
19217,0.198178424
19218,0.743751427
19223,0.358503247
19240,0.3137987
19246,0.576636512
19269,0.348519074
19275,0.617258307
19287,0.294940906
19298,0.349849707
19303,0.281357328
19313,0.523351453
19325,0.276238423
19326,0.353396375
19328,0.525442026
19330,0.399044061
19340,0.577669188
19342,0.386323273
19343,0.362056142
19344,0.635685128
19363,0.288514798
19364,0.467186413
19371,0.185173349
19376,0.352243379
19377,0.247033413
19381,0.396925775
19384,0.568347055
19390,0.542748452
19402,0.272085209
19405,0.264474157
19409,0.256215149
19418,0.701618599
19429,0.606927705
19446,0.547135291
19458,0.638018646
19460,0.759643902
19462,0.706972999
19465,0.423032388
19472,0.547192348
19480,0.355050073
19503,0.651375565
19507,0.513962872
19517,0.377490768
19533,0.39786319
19537,0.195213611
19541,0.327561149
19563,0.287089449
19566,0.698926604
19568,0.612327874
19576,0.376197944
19591,0.374126608
19597,0.691865639
19619,0.518361491
19622,0.771938231
19623,0.341260082
19624,0.345737747
19627,0.316368154
19629,0.360306043
19633,0.342770193
19639,0.196507396
19641,0.35291611
19643,0.293630493
19649,0.25332312
19652,0.701525245
19657,0.337379462
19660,0.759469123
19668,0.92164521
19678,0.350700652
19686,0.639754297
19690,0.264949457
19694,0.411885747
19695,0.316808132
19702,0.691992559
19712,0.556134803
19720,0.617264009
19735,0.654660689
19739,0.299715323
19740,0.628693674
19743,0.304570726
19750,0.486020205
19752,0.661109043
19754,0.354840219
19762,0.57060733
19770,0.354353597
19775,0.546493312
19777,0.403551813
19782,0.340170355
19783,0.734124378
19786,0.349867111
19805,0.303870533
19808,0.253025165
19819,0.715775439
19821,0.308614722
19827,0.319992661
19830,0.522072029
19832,0.516852548
19833,0.330681242
19834,0.326531596
19843,0.324688784
19844,0.17931599
19846,0.347783605
19847,0.380083852
19850,0.772249348
19851,0.377031719
19861,0.67083883
19873,0.594137222
19878,0.304701307
19886,0.244467959
19892,0.679356792
19901,0.32116593
19902,0.621373215
19920,0.698047602
19921,0.341352144
19922,0.270627374
19929,0.774235116
19932,0.615461303
19935,0.356096359
19936,0.653276573
19946,0.755854612
19950,0.565824487
19952,0.504578999
19955,0.438147891
19976,0.336735898
19983,0.599451035
19987,0.302266924
19991,0.797465545
19996,0.66112423
20007,0.664961267
20015,0.351674646
20019,0.25086523
20023,0.451309254
20034,0.369610505
20036,0.300253805
20038,0.355149496
20039,0.374385915
20040,0.731304916
20045,0.604681388
20046,0.636271333
20048,0.37482553
20060,0.461851622
20068,0.236680198
20074,0.856074472
20111,0.354056696
20117,0.185455275
20125,0.34713482
20129,0.628393892
20134,0.342426723
20135,0.26678721
20139,0.329849702
20142,0.421830991
20147,0.635230781
20154,0.823582923
20157,0.242386901
20169,0.176779774
20179,0.207639339
20202,0.355297309
20207,0.481811875
20215,0.345106481
20216,0.823329268
20217,0.697900094
20218,0.62864009
20219,0.566933906
20226,0.315468636
20236,0.326124737
20239,0.260620747
20246,0.354128227
20247,0.221068371
20253,0.623432952
20255,0.200338954
20268,0.351383504
20270,0.762010099
20271,0.253665906
20279,0.514864714
20282,0.616146274
20295,0.295270886
20302,0.338346401
20305,0.592843884
20306,0.614513712
20308,0.281832435
20330,0.618830241
20335,0.624914554
20344,0.24085619
20349,0.811435978
20360,0.339845583
20362,0.721370721
20378,0.443303933
20394,0.271883828
20397,0.805140698
20403,0.246170536
20405,0.641948311
20415,0.251353814
20417,0.269618306
20420,0.283957865
20425,0.503186355
20430,0.666399911
20435,0.535082817
20443,0.442118487
20446,0.521138741
20458,0.283786594
20459,0.621809766
20467,0.254981348
20470,0.767491789
20482,0.658846661
20489,0.509213203
20495,0.340263052
20496,0.333404792
20497,0.679731136
20505,0.466570391
20509,0.799062654
20535,0.428175729
20539,0.759426874
20544,0.66473017
20547,0.324411687
20556,0.174230564
20557,0.501544775
20575,0.374785402
20577,0.2776482
20596,0.281230712
20597,0.407024269
20602,0.36596613
20603,0.394698228
20609,0.682319167
20618,0.351191557
20621,0.676777807
20628,0.257032754
20634,0.548449259
20637,0.34346721
20641,0.28877767
20642,0.501337558
20647,0.362987968
20655,0.514820469
20656,0.238074075
20661,0.304372651
20664,0.78712346
20674,0.848229444
20679,0.612271287
20680,0.331377798
20683,0.929725646
20687,0.276289552
20688,0.905365587
20695,0.281944574
20696,0.331737318
20699,0.314637509
20701,0.266414453
20702,0.202186397
20704,0.328863552
20721,0.344793087
20725,0.297384824
20731,0.341305566
20741,0.365324737
20742,0.267428701
20753,0.479569013
20756,0.175956229
20769,0.19808652
20771,0.480478257
20774,0.261754456
20777,0.362439308
20781,0.383159998
20797,0.627190188
20808,0.469646387
20810,0.514096241
20820,0.365451561
20823,0.937440562
20829,0.856866315
20832,0.344833623
20833,0.372944236
20837,0.330592291
20838,0.305000337
20839,0.336799234
20847,0.329901456
20861,0.339027079
20869,0.957034241
20875,0.227669824
20877,0.526833668
20889,0.271250926
20894,0.698405554
20901,0.619392546
20919,0.332272558
20923,0.300235766
20935,0.654464411
20937,0.308709685
20939,0.800735433
20940,0.333832275
20943,0.277824557
20946,0.720319308
20950,0.5391298
20961,0.829134798
20965,0.39845417
20967,0.654345772
20969,0.329628175
20970,0.351825356
20975,0.43194193
20987,0.614982361
20995,0.625679589
20998,0.746339994
21002,0.255247197
21012,0.814802396
21013,0.704302274
21015,0.360188363
21017,0.251242162
21020,0.223307982
21028,0.276861789
21031,0.29631407
21036,0.255851411
21040,0.227624614
21048,0.520604096
21049,0.260506688
21051,0.419571192
21070,0.257155406
21072,0.414986794
21079,0.551038583
21090,0.471930491
21093,0.360114014
21104,0.21365983
21114,0.29324595
21117,0.326353216
21120,0.283635403
21121,0.414396015
21132,0.209085049
21136,0.460963169
21139,0.471853588
21140,0.27295981
21146,0.57776442
21150,0.408967328
21178,0.594947945
21180,0.786922124
21198,0.337441665
21203,0.287716951
21210,0.272025463
21218,0.273694143
21220,0.302664519
21222,0.196644443
21228,0.575933726
21236,0.449704589
21239,0.291831739
21260,0.27684219
21267,0.232968814
21271,0.273088848
21279,0.22602278
21286,0.216657315
21288,0.447048864
21294,0.481233445
21298,0.267978039
21299,0.463909656
21300,0.666350497
21304,0.266174037
21307,0.283451558
21309,0.20093611
21311,0.298387314
21331,0.228263466
21332,0.840542701
21342,0.440477984
21345,0.614955578
21348,0.727602039
21353,0.46133503
21357,0.314514063
21369,0.493747566
21370,0.617016567
21371,0.32852695
21373,0.180129418
21385,0.499225324
21392,0.351384472
21401,0.392652693
21403,0.27080566
21406,0.494970086
21413,0.518604775
21414,0.556775884
21416,0.564146547
21423,0.792370983
21442,0.50428018
21443,0.23427988
21448,0.341837741
21459,0.493953413
21467,0.264636641
21474,0.402443964
21484,0.560719166
21488,0.562489783
21495,0.272706695
21498,0.260772763
21502,0.3385476
21503,0.505880521
21510,0.482848062
21516,0.814723934
21533,0.682416399
21535,0.335004212
21539,0.215117849
21541,0.349006809
21544,0.428448938
21554,0.696198711
21569,0.250634015
21572,0.393124591
21578,0.277608549
21580,0.266723263
21584,0.245663506
21589,0.659538672
21595,0.370666719
21598,0.486066114
21599,0.324604718
21606,0.273277182
21623,0.295774324
21639,0.491534274
21641,0.277767183
21645,0.231114883
21647,0.456228372
21648,0.186747704
21657,0.258427428
21671,0.290276045
21673,0.238268186
21678,0.279609959
21696,0.426390081
21699,0.424418005
21700,0.230022358
21703,0.276684643
21710,0.284823545
21721,0.262862957
21727,0.406337552
21728,0.682773967
21731,0.282747916
21741,0.244183309
21744,0.728359446
21748,0.241997724
21753,0.234347715
21756,0.438652748
21763,0.397697983
21767,0.250089501
21772,0.79375246
21774,0.448240988
21775,0.615189891
21780,0.458976503
21787,0.392328141
21805,0.340168141
21828,0.23026514
21831,0.341794155
21837,0.311195905
21842,0.345047398
21849,0.34823111
21856,0.388668339
21858,0.297262679
21862,0.230146179
21864,0.246224537
21867,0.291048749
21879,0.273605229
21881,0.325756231
21883,0.288980307
21891,0.429124329
21892,0.344421028
21902,0.218737383
21909,0.216849637
21914,0.244417221
21918,0.213252536
21919,0.249860662
21926,0.225198302
21930,0.467143077
21934,0.492600089
21940,0.227103264
21945,0.200247237
21948,0.710444065
21953,0.252259366
21954,0.249944664
21956,0.39131163
21963,0.641366975
21970,0.40723207
21984,0.223679047
21997,0.265006851
21999,0.206272177
22001,0.268234607
22002,0.171192324
22010,0.527508508
22013,0.226958546
22022,0.20955749
22024,0.195364368
22028,0.238867848
22029,0.666303055
22045,0.263070254
22049,0.30771943
22064,0.578005121
22069,0.433428146
22074,0.37637116
22082,0.213574387
22084,0.27179591
22090,0.569979325
22096,0.549512098
22100,0.244992568
22105,0.243010395
22119,0.325684995
22130,0.270064548
22152,0.642566473
22155,0.23615618
22164,0.271589449
22173,0.275483986
22194,0.360258676
22209,0.297607188
22217,0.178826265
22220,0.215914021
22222,0.729621994
22244,0.257312926
22245,0.202844773
22250,0.439694114
22256,0.818897162
22261,0.692489066
22264,0.262752752
22270,0.456644407
22279,0.643747697
22280,0.291531919
22284,0.249135277
22288,0.359624891
22293,0.286514847
22297,0.881746324
22307,0.399714341
22310,0.277895871
22319,0.523631658
22324,0.282172916
22326,0.184680162
22327,0.256205893
22329,0.250243712
22331,0.721128952
22340,0.586305596
22342,0.538988271
22347,0.380341719
22351,0.322149209
22357,0.260880296
22361,0.288068613
22371,0.305497854
22373,0.447027625
22391,0.550464978
22404,0.630977272
22409,0.575856781
22411,0.282918513
22428,0.52940757
22436,0.587255775
22444,0.574566529
22445,0.292906401
22451,0.246149043
22463,0.278638902
22464,0.235476912
22467,0.692956994
22472,0.23442957
22485,0.717827463
22497,0.239265294
22504,0.634299425
22508,0.266461609
22516,0.27133588
22522,0.255988092
22527,0.454354767
22543,0.741782926
22549,0.267586429
22551,0.486206315
22557,0.420166027
22562,0.238437815
22567,0.274950329
22572,0.280512251
22575,0.213489358
22578,0.467368027
22579,0.31158676
22580,0.272976152
22581,0.235523908
22591,0.680633418
22593,0.271726137
22597,0.20030613
22600,0.471153734
22602,0.374395167
22603,0.370396392
22616,0.513505122
22617,0.173499807
22622,0.349034075
22623,0.321224336
22624,0.536498516
22628,0.302511671
22640,0.233611765
22641,0.450735162
22653,0.47662339
22660,0.21670824
22672,0.578596169
22674,0.332168766
22689,0.387763999
22698,0.284253981
22705,0.520606446
22709,0.798127366
22711,0.234153641
22714,0.650115034
22715,0.30081148
22729,0.380779484
22730,0.352034732
22733,0.271011181
22750,0.248079435
22754,0.574940396
22756,0.538185297
22758,0.461647023
22767,0.606490758
22768,0.310655802
22769,0.581351849
22776,0.245888002
22778,0.27693884
22780,0.633554295
22789,0.433552099
22797,0.392117628
22799,0.505577057
22814,0.244872204
22818,0.367056638
22821,0.34122256
22823,0.389151485
22841,0.22317923
22847,0.492970618
22848,0.392159211
22862,0.25126961
22875,0.859813573
22877,0.713599145
22887,0.255988957
22892,0.263414092
22899,0.659539636
22901,0.588553175
22907,0.403102492
22909,0.458595028
22926,0.444483197
22927,0.412119473
22930,0.482214632
22934,0.428732961
22937,0.441330632
22939,0.569086095
22949,0.437398758
22951,0.478849699
22955,0.30991685
22965,0.824535197
22966,0.569351489
22968,0.937124158
22972,0.414656431
22975,0.413481853
22981,0.371694207
22988,0.32230206
22994,0.343429459
22996,0.659062233
23011,0.528086905
23028,0.458386946
23031,0.421475639
23035,0.299218175
23038,0.383015547
23042,0.366289287
23049,0.773143866
23051,0.965196322
23053,0.32520925
23057,0.705948495
23058,0.32078102
23063,0.46184558
23064,0.43374084
23067,0.39004926
23071,0.411651982
23075,0.355276751
23077,0.694701089
23090,0.32871207
23094,0.576010545
23097,0.42699084
23103,0.333668182
23107,0.596242754
23117,0.339046378
23122,0.36260839
23124,0.249194371
23126,0.337863444
23129,0.5713132
23136,0.400430209
23141,0.372221101
23142,0.331195382
23147,0.363075009
23154,0.373924397
23159,0.369061971
23165,0.283377642
23171,0.673715088
23173,0.125822269
23175,0.361686872
23179,0.906377206
23182,0.705728946
23185,0.410643469
23188,0.421228713
23189,0.36340742
23209,0.341345661
23214,0.348005284
23215,0.41313012
23233,0.367764123
23241,0.3613472
23252,0.388746978
23255,0.486052131
23263,0.33491532
23281,0.341243332
23282,0.392290089
23289,0.30978301
23292,0.214623015
23296,0.360040176
23297,0.321005758
23301,0.372307376
23302,0.261465747
23304,0.354133022
23309,0.24669487
23312,0.352289189
23316,0.393584131
23321,0.371495627
23342,0.294960195
23344,0.29857412
23350,0.32489214
23367,0.568866999
23368,0.305047777
23374,0.318975423
23387,0.298784829
23389,0.77608851
23399,0.772391888
23403,0.81451068
23406,0.962398862
23414,0.48487364
23415,0.265398729
23419,0.618031492
23436,0.330135631
23439,0.784523012
23444,0.41126036
23445,0.408741746
23455,0.249682531
23469,0.348597623
23472,0.218307287
23477,0.406235643
23478,0.569312595
23479,0.368469896
23487,0.432528508
23490,0.35368652
23491,0.75542757
23492,0.31001139
23494,0.367971939
23496,0.381907482
23497,0.304234665
23506,0.3061308
23515,0.358614008
23528,0.368418827
23532,0.35837586
23549,0.675699065
23551,0.288755178
23552,0.250150067
23555,0.369008359
23556,0.35403338
23564,0.65755134
23583,0.328059611
23592,0.417994095
23597,0.938605934
23601,0.217812099
23605,0.618381609
23615,0.320159206
23619,0.423652889
23621,0.943186201
23626,0.672298027
23635,0.550180394
23637,0.401033889
23640,0.3794548
23646,0.29899173
23655,0.404966045
23672,0.74949332
23673,0.355434863
23682,0.299229117
23683,0.36596538
23699,0.354604527
23704,0.648731902
23707,0.97070688
23713,0.311597896
23714,0.232994462
23716,0.306610465
23718,0.644842444
23721,0.248322686
23735,0.258388863
23737,0.34709551
23744,0.30062843
23749,0.680868853
23755,0.510795376
23769,0.600743346
23772,0.37504414
23773,0.261802948
23774,0.631929347
23779,0.346336167
23782,0.461621498
23793,0.360970858
23803,0.960969384
23828,0.574101189
23833,0.636072057
23834,0.737895526
23844,0.382727192
23845,0.673993868
23852,0.750192981
23855,0.67949216
23867,0.311147902
23872,0.63433768
23874,0.472694025
23880,0.290795572
23886,0.245093369
23898,0.295727613
23900,0.265957359
23903,0.261760686
23907,0.336151588
23908,0.813537609
23912,0.319110747
23916,0.345037365
23917,0.305770443
23918,0.350368468
23922,0.323546192
23928,0.286166305
23940,0.54330181
23944,0.450404372
23945,0.413883202
23951,0.260283523
23966,0.299274363
23970,0.216927742
23971,0.369843265
23976,0.533374557
23980,0.250402798
23987,0.962810439
23988,0.292149476
23993,0.417728371
23997,0.377291162
23998,0.358258631
23999,0.836442316
24010,0.580689171
24015,0.614842328
24023,0.370203153
24033,0.312167194
24046,0.659860426
24060,0.439612211
24062,0.332929961
24065,0.606178104
24070,0.326943264
24071,0.236538778
24073,0.292864846
24079,0.425910349
24082,0.967784575
24084,0.439311141
24089,0.471796318
24094,0.38082554
24100,0.378665413
24105,0.347640736
24106,0.220018324
24108,0.626954591
24111,0.978820336
24120,0.422611901
24125,0.619102672
24134,0.64873283
24140,0.374848252
24151,0.366712287
24153,0.291207798
24154,0.38878389
24161,0.372903187
24166,0.385965477
24170,0.576411262
24176,0.252533623
24182,0.739410676
24188,0.3918744
24190,0.348108743
24201,0.942826032
24211,0.870722675
24215,0.673303955
24216,0.948000594
24219,0.302443344
24222,0.671959168
24240,0.983731467
24243,0.34756499
24245,0.306260625
24251,0.303357509
24256,0.957005778
24258,0.257929818
24261,0.408351272
24263,0.40273306
24264,0.373858814
24266,0.32206931
24273,0.33676294
24278,0.417573021
24289,0.9698597
24292,0.390980533
24293,0.384531675
24298,0.967232501
24299,0.395706139
24303,0.615703269
24304,0.327986369
24305,0.352659341
24329,0.317358108
24341,0.342051872
24345,0.717038077
24353,0.346598949
24358,0.966636077
24364,0.557678093
24367,0.412147269
24370,0.563805666
24377,0.380605939
24380,0.346210673
24381,0.33868119
24387,0.362597398
24391,0.37531133
24409,0.970518266
24413,0.435687338
24416,0.343402114
24427,0.55951626
24439,0.21785974
24443,0.412340277
24448,0.420071254
24454,0.655121548
24455,0.318587048
24461,0.324437727
24464,0.409996814
24468,0.310839958
24469,0.31525404
24501,0.327887003
24508,0.350140474
24519,0.285325428
24520,0.945464304
24538,0.537922114
24540,0.694478676
24550,0.357466537
24552,0.316957958
24561,0.343550872
24577,0.392752728
24579,0.401854541
24580,0.405152017
24582,0.386396635
24591,0.736488969
24592,0.321718033
24599,0.747281794
24602,0.308744817
24606,0.340005665
24617,0.313231628
24619,0.797005505
24630,0.222435413
24633,0.85011658
24634,0.621076333
24638,0.418228223
24641,0.473683071
24644,0.476683607
24645,0.869163746
24656,0.354662927
24661,0.371287385
24663,0.695141231
24667,0.341328131
24669,0.62968932
24682,0.337860186
24698,0.283672039
24699,0.691204613
24702,0.325394543
24703,0.487454034
24717,0.332219706
24724,0.973525756
24731,0.283667056
24737,0.290131897
24740,0.467885078
24743,0.333480125
24744,0.97656907
24755,0.570221913
24757,0.356729191
24765,0.463978121
24766,0.326921916
24776,0.727267324
24787,0.954566117
24789,0.3708375
24791,0.289450434
24792,0.466550775
24804,0.124060631
24812,0.396684629
24816,0.400102144
24817,0.40041691
24820,0.608963306
24828,0.354512206
24832,0.27284921
24836,0.399890546
24842,0.69118546
24846,0.328070892
24847,0.374436208
24848,0.967396451
24851,0.678772955
24855,0.683558536
24856,0.366095342
24871,0.618354273
24874,0.378797954
24877,0.332571599
24889,0.335420532
24897,0.449983834
24899,0.744458907
24908,0.363826066
24913,0.72482398
24923,0.399751343
24933,0.401885847
24971,0.341714276
24973,0.96871445
24993,0.620306625
24998,0.555701008
25000,0.92520453
25001,0.925000477
25002,0.349245047
25003,0.967781309
25009,0.377210522
25024,0.292333184
25026,0.364884517
25027,0.922033041
25034,0.251477949
25050,0.328628193
25057,0.340658629
25067,0.892370651
25075,0.381664669
25081,0.404539627
25085,0.39546549
25093,0.293372508
25097,0.417002456
25103,0.427153086
25104,0.652090814
25109,0.347819694
25112,0.828202957
25113,0.337827102
25114,0.314142116
25119,0.276559889
25121,0.352853812
25122,0.86376894
25124,0.609171411
25131,0.404384684
25134,0.84341726
25144,0.340523141
25147,0.710483459
25148,0.513041921
25149,0.407469054
25155,0.524234924
25169,0.801056339
25177,0.695162984
25178,0.384346889
25179,0.398409468
25180,0.700983266
25191,0.562981525
25199,0.379547295
25232,0.480000673
25241,0.418567343
25242,0.735656904
25243,0.247252807
25246,0.319367187
25259,0.683891312
25265,0.659647908
25278,0.692365582
25280,0.321870833
25284,0.358000169
25286,0.683180925
25288,0.316798527
25318,0.986417735
25330,0.66201767
25333,0.348457847
25339,0.344626612
25340,0.676419692
25346,0.409901871
25349,0.719939563
25351,0.316817011
25361,0.624272104
25366,0.399719013
25368,0.986482298
25369,0.380427044
25370,0.401120151
25375,0.192068567
25376,0.636533208
25377,0.34834913
25379,0.403009323
25382,0.599314918
25386,0.605366895
25389,0.560154579
25399,0.440931521
25400,0.940086223
25401,0.67752741
25407,0.219331538
25409,0.280484179
25412,0.409399752
25416,0.29198416
25418,0.447321714
25423,0.309267256
25436,0.329571096
25439,0.277388755
25442,0.401044065
25445,0.92583111
25446,0.480182543
25453,0.365287195
25456,0.503831735
25458,0.31710264
25460,0.376215922
25461,0.301531614
25468,0.843978969
25470,0.384333376
25471,0.24754257
25482,0.449801776
25501,0.886415234
25504,0.666676059
25515,0.32630076
25518,0.396064516
25528,0.456090593
25533,0.454174341
25543,0.357137486
25548,0.358423387
25564,0.26912661
25572,0.649291477
25576,0.373831457
25577,0.397753379
25587,0.362296862
25591,0.43063396
25596,0.277844924
25598,0.313639933
25617,0.338426032
25618,0.917620314
25620,0.391722167
25623,0.408971768
25626,0.443302082
25628,0.39618675
25633,0.561578259
25637,0.492540864
25644,0.20062127
25662,0.363022539
25663,0.440169038
25673,0.644386772
25678,0.308733254
25685,0.342859286
25691,0.250975781
25706,0.401462673
25707,0.328432446
25723,0.455109918
25725,0.378938551
25735,0.681978976
25740,0.372104205
25759,0.38911355
25761,0.791161064
25769,0.298294437
25774,0.303875562
25779,0.585317406
25781,0.472035388
25784,0.899057285
25790,0.861300584
25796,0.392421208
25816,0.341332199
25847,0.356687541
25850,0.289105449
25852,0.751203316
25856,0.367417341
25866,0.448470363
25867,0.639692598
25868,0.341427456
25869,0.523099615
25877,0.684348435
25878,0.355015797
25890,0.44406196
25898,0.904078229
25899,0.38666676
25906,0.949842116
25907,0.690279546
25915,0.949225177
25932,0.597018759
25939,0.371257912
25946,0.594045444
25951,0.616942949
25959,0.44838633
25961,0.429554155
25964,0.356880308
25969,0.363270864
25980,0.270973108
25986,0.270496205
25992,0.253478111
25998,0.310402866
26000,0.350248291
26006,0.414697484
26009,0.251228344
26016,0.655511379
26023,0.94865912
26038,0.605646969
26041,0.274021541
26050,0.344382122
26051,0.980748585
26057,0.456984475
26060,0.198918079
26062,0.412589982
26067,0.977789827
26068,0.360831897
26072,0.420076292
26074,0.809469484
26075,0.326728429
26081,0.606371247
26108,0.611030153
26112,0.985312563
26113,0.232506118
26115,0.586400591
26122,0.284631445
26139,0.247330069
26162,0.458798539
26165,0.448083339
26173,0.470034246
26177,0.422098045
26179,0.354075716
26184,0.235867919
26190,0.370446579
26204,0.34271282
26205,0.030120607
26212,0.796828124
26215,0.35861859
26227,0.837613258
26232,0.644782658
26237,0.533965968
26246,0.651444429
26248,0.66021134
26249,0.46631753
26260,0.33305642
26263,0.290307057
26267,0.870895573
26269,0.40319779
26271,0.647868048
26273,0.72601064
26286,0.331127665
26297,0.331734263
26309,0.451391111
26313,0.342875858
26319,0.367519303
26329,0.429659168
26330,0.64554851
26333,0.36592719
26361,0.817579785
26366,0.634715584
26376,0.888407956
26378,0.552738098
26382,0.318879314
26389,0.372046171
26391,0.435553273
26401,0.72593242
26415,0.235985009
26419,0.809933959
26421,0.969417301
26422,0.323042709
26423,0.635159385
26424,0.467358023
26441,0.815781958
26442,0.332957433
26446,0.791225147
26447,0.347424205
26448,0.345474998
26451,0.415398573
26459,0.279122458
26465,0.237349138
26476,0.275555165
26481,0.326568072
26487,0.946838463
26501,0.338546345
26513,0.752520068
26517,0.313906452
26527,0.772819058
26534,0.754731951
26535,0.953437566
26545,0.372601837
26550,0.208465693
26558,0.299207057
26571,0.722306229
26573,0.297702881
26575,0.417719409
26578,0.211683154
26583,0.743137552
26590,0.386283983
26593,0.758164027
26602,0.282535186
26606,0.749041033
26613,0.582423622
26615,0.291643695
26618,0.333393638
26628,0.957830666
26630,0.7352163
26635,0.356546076
26645,0.39198434
26648,0.203669218
26651,0.377464054
26660,0.287641057
26663,0.623601791
26664,0.761722332
26665,0.776763855
26673,0.612247943
26675,0.356969669
26676,0.296367203
26677,0.325545298
26679,0.390768008
26687,0.402774827
26689,0.51417963
26697,0.385717016
26737,0.763204115
26747,0.950375776
26748,0.409089766
26749,0.445914938
26754,0.915896839
26759,0.379173362
26760,0.638707134
26765,0.355785083
26769,0.339086443
26771,0.36659368
26776,0.397556759
26778,0.375241963
26780,0.485325116
26783,0.262759177
26785,0.456349093
26800,0.28714245
26804,0.250707081
26812,0.347913845
26816,0.348197711
26823,0.698853232
26834,0.307453944
26836,0.770476561
26841,0.743883105
26845,0.399420483
26849,0.406386524
26854,0.72084404
26858,0.38074265
26860,0.267491299
26866,0.315455019
26871,0.271424403
26873,0.354940926
26905,0.372065193
26907,0.361505706
26920,0.708036463
26924,0.251741711
26930,0.195871126
26942,0.687554822
26944,0.405587927
26949,0.634661792
26952,0.939026403
26956,0.395107402
26973,0.353297045
26977,0.375710709
26993,0.616265873
26997,0.2573974
26999,0.60608562
27021,0.390077633
27023,0.319641474
27025,0.033174072
27027,0.378888467
27032,0.756988321
27034,0.282403929
27036,0.581229255
27045,0.376881107
27050,0.193943049
27051,0.843690055
27055,0.373987296
27056,0.399277991
27060,0.340536181
27061,0.841452311
27066,0.803494478
27070,0.308934562
27073,0.263607131
27077,0.839139871
27085,0.415107642
27086,0.358390889
27099,0.385889879
27105,0.362880122
27109,0.426702355
27125,0.236766905
27135,0.35319892
27139,0.685746164
27140,0.881947179
27141,0.363648571
27142,0.380078218
27144,0.209378593
27148,0.314025549
27154,0.4539681
27162,0.677244573
27175,0.486831713
27176,0.440525868
27178,0.589112065
27197,0.43666466
27204,0.411854118
27205,0.435673913
27206,0.306161322
27207,0.457224301
27216,0.400476496
27230,0.293607258
27234,0.250974627
27241,0.35346917
27249,0.978243858
27251,0.171562741
27252,0.800955618
27256,0.772693533
27257,0.568800391
27263,0.277907719
27268,0.420365113
27269,0.394357067
27276,0.399336733
27279,0.69881196
27288,0.730518263
27295,0.184923526
27299,0.241324512
27302,0.433373989
27304,0.405841037
27316,0.613325812
27318,0.222128691
27330,0.343843641
27333,0.68533993
27335,0.375388856
27339,0.299275897
27341,0.543215989
27342,0.316523569
27345,0.478192993
27347,0.480162296
27354,0.57582745
27361,0.247153231
27375,0.742004071
27387,0.644679749
27390,0.606438179
27392,0.869904218
27399,0.233103683
27403,0.329591366
27410,0.508012073
27423,0.295859717
27429,0.249581285
27432,0.376026004
27436,0.400106797
27437,0.594614664
27441,0.621398119
27444,0.597858999
27445,0.324022976
27448,0.639089525
27454,0.416725341
27459,0.241204965
27465,0.36605618
27478,0.939097286
27479,0.442168757
27481,0.649689741
27483,0.662000871
27486,0.27870768
27498,0.412968347
27505,0.398021322
27507,0.306730212
27509,0.27156022
27514,0.324901129
27527,0.840884354
27535,0.261155157
27544,0.286079677
27545,0.395660494
27556,0.242977635
27563,0.384059779
27569,0.381706882
27585,0.744271899
27589,0.420738117
27605,0.396689935
27608,0.772863446
27609,0.313579396
27611,0.265520444
27621,0.545047468
27626,0.722184111
27629,0.354229276
27645,0.873319652
27651,0.258651372
27654,0.379237907
27656,0.775061825
27663,0.75262267
27673,0.231941923
27677,0.313424964
27678,0.261217868
27680,0.300171683
27681,0.409454217
27684,0.268645532
27688,0.294700615
27706,0.341896593
27709,0.3953921
27720,0.352544753
27722,0.36364987
27733,0.615943124
27734,0.595145178
27739,0.376016149
27746,0.353767969
27751,0.885147484
27755,0.334941975
27777,0.523310777
27783,0.251971063
27795,0.403467295
27805,0.373131384
27811,0.332138941
27815,0.297604228
27823,0.378491984
27856,0.342821252
27873,0.443468732
27883,0.328541481
27885,0.762312523
27887,0.796178503
27899,0.448200106
27921,0.386584676
27924,0.4291403
27927,0.383544977
27929,0.324532073
27932,0.411049885
27943,0.443478784
27945,0.435522026
27952,0.376016237
27957,0.718608547
27960,0.473015892
27966,0.341886809
27968,0.859343482
27980,0.795227965
27984,0.336685483
27994,0.43706363
27995,0.373765633
28002,0.764464118
28004,0.667929137
28006,0.314551794
28028,0.693163574
28042,0.784418645
28043,0.315741324
28055,0.70079782
28061,0.301772416
28063,0.637797788
28077,0.352286214
28090,0.734056051
28093,0.360594152
28095,0.314347367
28096,0.667481799
28098,0.897511528
28099,0.342836184
28111,0.295365984
28115,0.340097799
28123,0.295580137
28125,0.475075508
28126,0.747947547
28129,0.737674838
28131,0.336829171
28139,0.389649631
28146,0.309917873
28153,0.821189491
28155,0.406171342
28160,0.780964197
28166,0.336637774
28167,0.777378084
28176,0.768885863
28185,0.377684522
28187,0.780314835
28195,0.824191969
28203,0.257193685
28206,0.397042696
28209,0.310539779
28210,0.267802288
28211,0.347046228
28216,0.419171759
28234,0.433679241
28235,0.829108861
28248,0.280957514
28255,0.312966381
28266,0.36391092
28277,0.30718424
28286,0.378216618
28288,0.351024213
28289,0.605939578
28290,0.342343714
28296,0.307153699
28300,0.783968068
28306,0.298340386
28307,0.400057966
28309,0.329912275
28327,0.407898026
28336,0.337455729
28345,0.420746631
28355,0.386697891
28361,0.313530106
28362,0.370907389
28374,0.332112969
28380,0.737644317
28381,0.416028284
28393,0.267293619
28394,0.359882918
28405,0.323539512
28413,0.229986236
28426,0.719876193
28428,0.801998473
28429,0.778972754
28442,0.362141886
28445,0.26387616
28457,0.941359746
28459,0.671369153
28462,0.398795346
28478,0.173345031
28490,0.423378247
28492,0.362954821
28499,0.231954084
28500,0.437802023
28506,0.768025426
28509,0.3492177
28513,0.377573651
28516,0.37517445
28519,0.961186706
28526,0.279584915
28527,0.20460005
28528,0.741743977
28533,0.370682724
28547,0.35378024
28551,0.39613599
28563,0.47567861
28566,0.436240732
28568,0.383079735
28580,0.362693025
28589,0.388427035
28590,0.800108313
28606,0.504987208
28613,0.392406868
28615,0.265850648
28619,0.331217116
28629,0.64824219
28633,0.333069745
28635,0.737711595
28646,0.35868797
28648,0.743836068
28651,0.31764806
28660,0.754444559
28681,0.372790064
28693,0.639571894
28696,0.387120656
28703,0.423189909
28709,0.423078045
28712,0.689125121
28718,0.339502762
28719,0.612228397
28727,0.243119747
28730,0.744462117
28732,0.698426429
28740,0.3511037
28747,0.359214275
28752,0.67964915
28757,0.423201199
28764,0.443371392
28765,0.672653901
28770,0.714917149
28772,0.731569006
28783,0.369683232
28786,0.255594906
28796,0.366436101
28799,0.721611138
28806,0.716136795
28807,0.372927901
28815,0.451130545
28818,0.371976627
28823,0.41549687
28824,0.453277351
28831,0.895837946
28834,0.381376426
28841,0.351900041
28848,0.675609703
28882,0.506778813
28884,0.375889825
28904,0.348091599
28907,0.295501719
28919,0.328557938
28920,0.688821505
28928,0.244461635
28935,0.143597693
28936,0.327140875
28945,0.321449512
28950,0.781247489
28957,0.538069098
28963,0.323974409
28974,0.349515561
28980,0.533634397
28988,0.549169076
28999,0.427316423
29001,0.557187354
29004,0.266046029
29006,0.389914654
29012,0.442972005
29018,0.351294783
29027,0.378363105
29030,0.292417582
29032,0.270737231
29039,0.31010118
29043,0.400427962
29056,0.685837478
29064,0.778524514
29068,0.294016181
29069,0.263684457
29074,0.218506208
29076,0.304681206
29085,0.400136112
29088,0.706261918
29091,0.365432988
29092,0.632835145
29093,0.36918374
29094,0.444348052
29108,0.663739254
29114,0.336818591
29115,0.264035515
29118,0.247938311
29125,0.338192298
29127,0.793300861
29150,0.293068474
29152,0.280029233
29155,0.696332478
29165,0.277326309
29167,0.330251673
29174,0.361953191
29180,0.370930677
29185,0.314160221
29190,0.312705371
29192,0.950793589
29194,0.347602176
29220,0.400054849
29231,0.537645943
29237,0.635372512
29240,0.465930777
29247,0.434398892
29256,0.298180629
29275,0.346218678
29278,0.425750795
29280,0.739451798
29286,0.443303486
29288,0.657386001
29305,0.699532174
29327,0.372636983
29329,0.82159374
29333,0.371463501
29335,0.368311973
29342,0.966116739
29344,0.375929145
29353,0.32042178
29358,0.379986722
29373,0.304774577
29392,0.41082036
29393,0.673700584
29395,0.91310915
29403,0.691167298
29405,0.607416385
29410,0.346282838
29423,0.388055377
29427,0.739066712
29429,0.358610963
29432,0.35818907
29440,0.597630681
29447,0.348638263
29448,0.272349845
29452,0.625408361
29455,0.376603732
29461,0.23227952
29466,0.302935212
29474,0.29665543
29476,0.2837571
29486,0.596457896
29494,0.355291626
29497,0.600469281
29505,0.327472423
29511,0.692145319
29516,0.612502244
29522,0.360568603
29523,0.221677682
29524,0.244491977
29529,0.231578212
29533,0.293975754
29535,0.349031027
29548,0.292415696
29551,0.30984108
29563,0.295275506
29574,0.395241421
29575,0.263733832
29592,0.329862443
29599,0.549010746
29608,0.257842143
29613,0.474185279
29620,0.391374533
29630,0.710545359
29637,0.407251416
29638,0.46268738
29643,0.326042899
29648,0.249234371
29657,0.370117143
29659,0.258226499
29662,0.360412513
29665,0.288571713
29699,0.751375281
29706,0.564301404
29715,0.587400711
29716,0.416723746
29717,0.395753537
29721,0.556741284
29731,0.480361557
29735,0.235254413
29739,0.454992611
29742,0.52319959
29747,0.937047262
29749,0.594418654
29754,0.945094266
29773,0.397930825
29777,0.612608668
29779,0.294299688
29783,0.354549593
29786,0.342487962
29805,0.683667607
29811,0.388642274
29812,0.482980999
29815,0.502303646
29819,0.240456451
29833,0.337481393
29847,0.450419088
29854,0.591112572
29856,0.337643102
29859,0.324905737
29864,0.412370386
29865,0.432289513
29867,0.256791745
29885,0.421088947
29894,0.438626463
29900,0.36257447
29910,0.61833637
29928,0.333022026
29942,0.2659125
29951,0.494901933
29953,0.523587273
29962,0.279835175
29968,0.263946021
29974,0.758835215
29980,0.603158427
29987,0.241102013
29993,0.635093029
30001,0.705642076
30005,0.521584985
30015,0.306705661
30034,0.257855849
30041,0.359202056
30044,0.375979526
30058,0.245971403
30061,0.257406695
30064,0.30863572
30065,0.378326137
30069,0.27635434
30074,0.390585858
30076,0.281661842
30080,0.323864509
30086,0.862978098
30087,0.3253109
30092,0.269331223
30093,0.606462915
30096,0.390854651
30097,0.601989348
30098,0.287166099
30102,0.545015798
30106,0.360331714
30110,0.600027306
30111,0.918110919
30122,0.393135407
30128,0.371968606
30130,0.682594115
30131,0.289424955
30132,0.361705031
30135,0.346120979
30137,0.848969163
30157,0.672153336
30158,0.759957811
30162,0.276066004
30170,0.646379884
30174,0.353020395
30195,0.579156835
30196,0.383526197
30204,0.331148878
30207,0.871407468
30209,0.586164453
30212,0.357269834
30221,0.360988244
30225,0.591135913
30229,0.357976533
30231,0.404115562
30233,0.306397722
30237,0.461811869
30239,0.579921259
30242,0.435811947
30244,0.381669505
30249,0.362336262
30262,0.335435803
30286,0.377362274
30292,0.372420933
30303,0.336225125
30320,0.2805476
30322,0.413734949
30355,0.412623136
30356,0.333787348
30372,0.450666904
30375,0.362098035
30379,0.486564675
30384,0.404607864
30386,0.373702707
30394,0.41204525
30395,0.309175263
30396,0.396937643
30397,0.366604757
30402,0.366160543
30413,0.257237606
30416,0.388458608
30420,0.308754913
30422,0.722674157
30432,0.321492573
30434,0.479637092
30438,0.378736914
30444,0.254317676
30446,0.429719731
30455,0.302650447
30457,0.347751315
30459,0.411192109
30463,0.492541435
30468,0.429060326
30477,0.328970761
30478,0.394972583
30481,0.406047556
30482,0.371762172
30487,0.352424917
30491,0.400634086
30496,0.691327391
30501,0.278000148
30506,0.324505295
30511,0.364212191
30513,0.424970163
30516,0.330255133
30520,0.358508703
30531,0.4380743
30542,0.857358586
30555,0.446381915
30557,0.419623459
30568,0.416668319
30570,0.912485702
30584,0.396338695
30594,0.624519377
30614,0.374260956
30617,0.421417241
30618,0.7332419
30631,0.355852624
30632,0.308687513
30634,0.664087944
30636,0.32215732
30637,0.325970649
30639,0.318696906
30647,0.383571729
30649,0.33325359
30656,0.303780622
30660,0.354402583
30665,0.326068262
30669,0.384126373
30681,0.388358813
30683,0.740730433
30687,0.83075668
30694,0.455144333